season,team,final_rating,rank
2019,Ohio State,2014.8,1
2019,LSU,1965.6,2
2019,Clemson,1941.4,3
2019,Oklahoma,1883.1,4
2019,Georgia,1867.2,5
2019,Alabama,1863.9,6
2019,Oregon,1859.1,7
2019,Wisconsin,1832.4,8
2019,Memphis,1830.2,9
2019,Penn State,1828.8,10
2019,Notre Dame,1826.7,11
2019,Florida,1819.7,12
2019,Michigan,1806.5,13
2019,Baylor,1799.5,14
2019,Utah,1796.8,15
2019,Auburn,1795.4,16
2019,Boise State,1784.4,17
2019,App State,1776.5,18
2019,USC,1758.5,19
2019,Iowa,1744.6,20
2019,UCF,1740.0,21
2019,SMU,1738.5,22
2019,Minnesota,1737.1,23
2019,Cincinnati,1723.7,24
2019,Washington,1723.4,25
2019,Navy,1721.7,26
2019,Florida Atlantic,1711.5,27
2019,Texas,1705.5,28
2019,Virginia,1699.9,29
2019,Air Force,1694.8,30
2019,Kansas State,1693.0,31
2019,Oklahoma State,1688.1,32
2019,Texas A&M,1686.7,33
2019,Virginia Tech,1686.2,34
2019,Iowa State,1681.3,35
2019,Tennessee,1678.1,36
2019,Louisiana,1677.4,37
2019,San Diego State,1663.6,38
2019,Kentucky,1657.1,39
2019,Indiana,1652.2,40
2019,Michigan State,1650.1,41
2019,Arizona State,1645.1,42
2019,Florida State,1637.0,43
2019,Western Kentucky,1635.6,44
2019,North Carolina,1633.0,45
2019,Wake Forest,1629.9,46
2019,Louisiana Tech,1622.5,47
2019,California,1619.1,48
2019,Boston College,1617.6,49
2019,Miami,1612.9,50
2019,Temple,1610.7,51
2019,Louisville,1607.9,52
2019,Hawai'i,1602.6,53
2019,TCU,1598.9,54
2019,Mississippi State,1598.0,55
2019,Washington State,1595.1,56
2019,Nebraska,1592.7,57
2019,BYU,1589.5,58
2019,Pittsburgh,1586.4,59
2019,Wyoming,1584.1,60
2019,Missouri,1581.6,61
2019,UAB,1580.7,62
2019,Southern Miss,1577.1,63
2019,Illinois,1575.3,64
2019,Marshall,1571.9,65
2019,Buffalo,1569.4,66
2019,Tulane,1567.9,67
2019,Central Michigan,1562.1,68
2019,Western Michigan,1561.5,69
2019,Ole Miss,1555.1,70
2019,Colorado,1554.1,71
2019,Oregon State,1550.8,72
2019,Syracuse,1549.0,73
2019,Utah State,1545.7,74
2019,Texas Tech,1545.6,75
2019,Georgia Southern,1543.4,76
2019,Duke,1543.2,77
2019,Arkansas State,1539.7,78
2019,West Virginia,1538.2,79
2019,Charlotte,1536.4,80
2019,Miami (OH),1532.0,81
2019,UCLA,1525.0,82
2019,South Carolina,1523.7,83
2019,Nevada,1522.8,84
2019,Houston,1517.2,85
2019,Purdue,1515.9,86
2019,Ohio,1512.0,87
2019,Stanford,1508.2,88
2019,Kent State,1506.3,89
2019,Florida International,1500.5,90
2019,Troy,1499.8,91
2019,Northwestern,1497.7,92
2019,Georgia State,1496.3,93
2019,Tulsa,1491.8,94
2019,Ball State,1483.5,95
2019,Liberty,1481.9,96
2019,Arizona,1480.5,97
2019,Eastern Michigan,1477.6,98
2019,South Florida,1473.8,99
2019,UL Monroe,1470.8,100
2019,Maryland,1464.7,101
2019,San José State,1463.1,102
2019,Fresno State,1456.0,103
2019,Toledo,1454.5,104
2019,Kansas,1453.9,105
2019,Army,1450.1,106
2019,Colorado State,1448.5,107
2019,Middle Tennessee,1448.3,108
2019,NC State,1443.0,109
2019,Coastal Carolina,1434.1,110
2019,Georgia Tech,1428.5,111
2019,North Texas,1420.5,112
2019,Northern Illinois,1417.6,113
2019,UNLV,1409.2,114
2019,Vanderbilt,1403.6,115
2019,Arkansas,1397.0,116
2019,Rice,1388.4,117
2019,East Carolina,1385.3,118
2019,Rutgers,1383.6,119
2019,UTSA,1377.3,120
2019,Texas State,1344.2,121
2019,South Alabama,1336.6,122
2019,UConn,1329.6,123
2019,New Mexico,1316.3,124
2019,Bowling Green,1307.8,125
2019,New Mexico State,1306.8,126
2019,Old Dominion,1286.3,127
2019,UTEP,1233.2,128
2019,Massachusetts,1195.1,129
2019,Akron,1163.7,130
2020,Alabama,1971.2,1
2020,Clemson,1925.9,2
2020,Ohio State,1912.6,3
2020,Notre Dame,1851.2,4
2020,Georgia,1830.6,5
2020,BYU,1828.9,6
2020,Cincinnati,1822.1,7
2020,Texas A&M,1814.9,8
2020,Oklahoma,1806.1,9
2020,Florida,1794.8,10
2020,Iowa,1786.4,11
2020,Indiana,1779.5,12
2020,Coastal Carolina,1763.1,13
2020,USC,1762.8,14
2020,North Carolina,1758.5,15
2020,Oregon,1743.7,16
2020,Texas,1737.8,17
2020,Louisiana,1729.8,18
2020,San José State,1726.7,19
2020,UCF,1724.1,20
2020,Iowa State,1717.3,21
2020,Miami,1711.1,22
2020,Auburn,1709.6,23
2020,Boise State,1691.2,24
2020,Utah,1691.0,25
2020,Oklahoma State,1685.2,26
2020,App State,1681.5,27
2020,Wisconsin,1680.3,28
2020,LSU,1678.7,29
2020,Northwestern,1665.5,30
2020,Tulsa,1664.3,31
2020,Memphis,1662.7,32
2020,Washington,1660.8,33
2020,Arizona State,1650.9,34
2020,Buffalo,1645.6,35
2020,SMU,1640.7,36
2020,Tulane,1637.8,37
2020,Liberty,1637.5,38
2020,Pittsburgh,1636.0,39
2020,UAB,1633.4,40
2020,Ball State,1632.8,41
2020,Nevada,1632.4,42
2020,TCU,1632.2,43
2020,Marshall,1629.2,44
2020,Penn State,1620.5,45
2020,NC State,1618.8,46
2020,Colorado,1614.5,47
2020,UCLA,1606.3,48
2020,Kentucky,1604.6,49
2020,Virginia Tech,1599.8,50
2020,Minnesota,1598.1,51
2020,West Virginia,1595.0,52
2020,San Diego State,1591.3,53
2020,Army,1587.4,54
2020,Stanford,1587.0,55
2020,Michigan,1578.9,56
2020,Western Michigan,1575.7,57
2020,Boston College,1575.1,58
2020,Wake Forest,1567.7,59
2020,Florida Atlantic,1567.4,60
2020,Toledo,1563.6,61
2020,Georgia Southern,1555.8,62
2020,Air Force,1555.0,63
2020,Virginia,1554.9,64
2020,Kent State,1550.7,65
2020,Houston,1549.9,66
2020,Ole Miss,1544.0,67
2020,Kansas State,1541.1,68
2020,Louisville,1540.2,69
2020,Nebraska,1537.7,70
2020,Missouri,1536.8,71
2020,Troy,1535.2,72
2020,Washington State,1528.7,73
2020,Miami (OH),1528.5,74
2020,Louisiana Tech,1527.5,75
2020,Wyoming,1523.2,76
2020,California,1521.5,77
2020,Tennessee,1521.0,78
2020,Ohio,1519.7,79
2020,Georgia State,1518.3,80
2020,Hawai'i,1516.6,81
2020,Maryland,1511.0,82
2020,Central Michigan,1509.6,83
2020,Mississippi State,1509.3,84
2020,Western Kentucky,1506.3,85
2020,Fresno State,1505.1,86
2020,Arkansas,1504.3,87
2020,Michigan State,1502.3,88
2020,UTSA,1501.7,89
2020,East Carolina,1500.3,90
2020,Baylor,1492.8,91
2020,Florida State,1483.3,92
2020,Purdue,1477.9,93
2020,Texas Tech,1470.3,94
2020,Oregon State,1470.0,95
2020,Rice,1467.8,96
2020,Illinois,1462.5,97
2020,Charlotte,1459.1,98
2020,South Carolina,1449.5,99
2020,Colorado State,1448.8,100
2020,Rutgers,1438.9,101
2020,Georgia Tech,1434.2,102
2020,Eastern Michigan,1422.3,103
2020,Arkansas State,1419.1,104
2020,Navy,1414.3,105
2020,Southern Miss,1403.7,106
2020,Duke,1401.0,107
2020,Temple,1400.1,108
2020,New Mexico State,1391.4,109
2020,North Texas,1390.5,110
2020,Middle Tennessee,1384.3,111
2020,UTEP,1368.5,112
2020,South Alabama,1368.1,113
2020,Utah State,1363.6,114
2020,New Mexico,1358.2,115
2020,Arizona,1356.8,116
2020,Florida International,1349.1,117
2020,Syracuse,1349.1,118
2020,Texas State,1341.8,119
2020,South Florida,1320.2,120
2020,Massachusetts,1302.1,121
2020,Kansas,1297.3,122
2020,UNLV,1293.8,123
2020,Northern Illinois,1290.5,124
2020,Vanderbilt,1268.6,125
2020,Akron,1262.0,126
2020,Bowling Green,1220.5,127
2020,UL Monroe,1202.1,128
2021,Alabama,1934.5,1
2021,Georgia,1896.2,2
2021,Cincinnati,1894.3,3
2021,Michigan,1870.8,4
2021,Ohio State,1856.5,5
2021,Notre Dame,1840.1,6
2021,Utah,1810.2,7
2021,Pittsburgh,1804.1,8
2021,Clemson,1784.9,9
2021,Oklahoma State,1779.1,10
2021,Louisiana,1773.5,11
2021,Oklahoma,1770.1,12
2021,Baylor,1769.3,13
2021,Ole Miss,1756.1,14
2021,BYU,1742.2,15
2021,Iowa,1732.4,16
2021,Houston,1728.7,17
2021,Michigan State,1723.4,18
2021,NC State,1717.7,19
2021,Texas A&M,1714.2,20
2021,Coastal Carolina,1711.8,21
2021,Wisconsin,1707.3,22
2021,Oregon,1707.2,23
2021,Penn State,1702.6,24
2021,Minnesota,1700.4,25
2021,Kentucky,1700.0,26
2021,App State,1697.6,27
2021,Wake Forest,1694.9,28
2021,UCLA,1690.2,29
2021,UTSA,1684.3,30
2021,Boise State,1679.5,31
2021,Arkansas,1673.2,32
2021,Iowa State,1666.8,33
2021,Fresno State,1657.3,34
2021,Purdue,1656.4,35
2021,San Diego State,1655.0,36
2021,SMU,1654.8,37
2021,Air Force,1648.7,38
2021,Western Kentucky,1646.0,39
2021,UAB,1645.1,40
2021,Arizona State,1641.9,41
2021,Nevada,1640.6,42
2021,Mississippi State,1629.8,43
2021,Auburn,1623.2,44
2021,UCF,1619.5,45
2021,Utah State,1615.3,46
2021,LSU,1615.3,47
2021,Washington State,1613.8,48
2021,Florida,1612.0,49
2021,Tennessee,1611.5,50
2021,Miami,1609.9,51
2021,Central Michigan,1597.5,52
2021,Oregon State,1597.3,53
2021,North Carolina,1593.5,54
2021,Texas,1589.9,55
2021,Kansas State,1589.6,56
2021,Toledo,1582.6,57
2021,Army,1580.2,58
2021,West Virginia,1579.2,59
2021,Marshall,1576.7,60
2021,Louisville,1571.0,61
2021,Georgia State,1557.1,62
2021,Liberty,1553.6,63
2021,Memphis,1553.5,64
2021,East Carolina,1552.6,65
2021,Virginia Tech,1552.4,66
2021,Tulsa,1549.7,67
2021,Western Michigan,1548.0,68
2021,Maryland,1539.7,69
2021,Miami (OH),1538.5,70
2021,Boston College,1535.6,71
2021,Texas Tech,1530.4,72
2021,South Carolina,1527.8,73
2021,California,1525.6,74
2021,Ball State,1517.5,75
2021,Virginia,1516.0,76
2021,Old Dominion,1513.0,77
2021,TCU,1510.2,78
2021,North Texas,1508.1,79
2021,Nebraska,1505.8,80
2021,Florida State,1502.8,81
2021,USC,1500.5,82
2021,Missouri,1497.6,83
2021,UTEP,1492.8,84
2021,Wyoming,1489.7,85
2021,Washington,1485.5,86
2021,Northern Illinois,1485.2,87
2021,Illinois,1481.2,88
2021,Middle Tennessee,1481.1,89
2021,Kent State,1477.9,90
2021,Rutgers,1468.7,91
2021,Hawai'i,1466.5,92
2021,Syracuse,1465.9,93
2021,Eastern Michigan,1464.1,94
2021,Florida Atlantic,1449.5,95
2021,Colorado,1441.3,96
2021,San José State,1440.1,97
2021,Georgia Tech,1434.6,98
2021,Stanford,1426.9,99
2021,South Alabama,1425.3,100
2021,Troy,1420.4,101
2021,Navy,1416.2,102
2021,Indiana,1415.3,103
2021,Tulane,1405.3,104
2021,Northwestern,1401.9,105
2021,Georgia Southern,1387.6,106
2021,Colorado State,1383.3,107
2021,Buffalo,1379.3,108
2021,Louisiana Tech,1376.4,109
2021,Charlotte,1363.1,110
2021,Ohio,1355.6,111
2021,Rice,1353.8,112
2021,Texas State,1345.6,113
2021,UL Monroe,1345.4,114
2021,South Florida,1341.3,115
2021,Duke,1339.6,116
2021,UNLV,1333.9,117
2021,Southern Miss,1325.8,118
2021,Bowling Green,1322.2,119
2021,Arkansas State,1309.3,120
2021,Arizona,1303.7,121
2021,New Mexico,1299.9,122
2021,Temple,1289.7,123
2021,Kansas,1273.6,124
2021,Vanderbilt,1259.8,125
2021,New Mexico State,1259.3,126
2021,Akron,1229.8,127
2021,UConn,1229.6,128
2021,Florida International,1190.8,129
2021,Massachusetts,1146.6,130
2022,Georgia,1950.6,1
2022,Michigan,1930.8,2
2022,Alabama,1876.6,3
2022,Ohio State,1864.7,4
2022,Clemson,1828.8,5
2022,TCU,1807.6,6
2022,Penn State,1802.1,7
2022,Utah,1792.9,8
2022,Notre Dame,1770.3,9
2022,Tennessee,1763.2,10
2022,Kansas State,1762.9,11
2022,Texas,1751.9,12
2022,Oregon,1748.7,13
2022,USC,1744.9,14
2022,Cincinnati,1734.0,15
2022,UTSA,1717.5,16
2022,Washington,1713.2,17
2022,Florida State,1706.8,18
2022,Tulane,1704.7,19
2022,Oregon State,1699.3,20
2022,Pittsburgh,1698.6,21
2022,UCLA,1697.6,22
2022,LSU,1690.9,23
2022,Ole Miss,1678.0,24
2022,Iowa,1672.4,25
2022,Minnesota,1671.1,26
2022,Troy,1670.7,27
2022,Kentucky,1670.4,28
2022,Mississippi State,1669.4,29
2022,Arkansas,1667.5,30
2022,Fresno State,1659.4,31
2022,South Alabama,1655.7,32
2022,Illinois,1653.2,33
2022,UCF,1651.5,34
2022,Louisville,1650.8,35
2022,NC State,1649.4,36
2022,Oklahoma,1639.4,37
2022,North Carolina,1636.6,38
2022,South Carolina,1635.4,39
2022,Baylor,1633.8,40
2022,Air Force,1629.2,41
2022,Wake Forest,1625.7,42
2022,Purdue,1624.7,43
2022,Boise State,1622.2,44
2022,James Madison,1617.3,45
2022,Maryland,1614.8,46
2022,Duke,1611.6,47
2022,Oklahoma State,1611.2,48
2022,Washington State,1607.8,49
2022,SMU,1603.3,50
2022,Marshall,1603.0,51
2022,Texas Tech,1602.8,52
2022,Coastal Carolina,1598.0,53
2022,Texas A&M,1593.7,54
2022,Houston,1591.3,55
2022,BYU,1588.2,56
2022,Florida,1585.0,57
2022,Wisconsin,1581.9,58
2022,Ohio,1568.9,59
2022,Toledo,1566.8,60
2022,Western Kentucky,1566.5,61
2022,East Carolina,1563.3,62
2022,UAB,1561.2,63
2022,Louisiana,1559.3,64
2022,Liberty,1558.1,65
2022,Syracuse,1557.0,66
2022,Missouri,1553.7,67
2022,Auburn,1551.7,68
2022,Michigan State,1548.9,69
2022,Memphis,1544.2,70
2022,San José State,1537.5,71
2022,San Diego State,1533.1,72
2022,App State,1530.6,73
2022,Iowa State,1530.2,74
2022,Eastern Michigan,1529.5,75
2022,Kansas,1513.8,76
2022,North Texas,1511.8,77
2022,West Virginia,1508.5,78
2022,Middle Tennessee,1500.0,79
2022,Georgia State,1496.1,80
2022,Army,1491.0,81
2022,Wyoming,1486.0,82
2022,Nebraska,1475.5,83
2022,Miami,1473.7,84
2022,Utah State,1473.6,85
2022,Vanderbilt,1469.6,86
2022,Buffalo,1466.3,87
2022,Kent State,1461.4,88
2022,Georgia Southern,1458.7,89
2022,Tulsa,1452.9,90
2022,Miami (OH),1451.2,91
2022,Southern Miss,1450.5,92
2022,Florida Atlantic,1448.4,93
2022,Arizona,1444.9,94
2022,California,1443.5,95
2022,Arizona State,1438.4,96
2022,Virginia Tech,1436.6,97
2022,Indiana,1433.2,98
2022,Georgia Tech,1427.3,99
2022,Rutgers,1425.1,100
2022,UConn,1423.7,101
2022,Central Michigan,1422.7,102
2022,Bowling Green,1420.7,103
2022,Western Michigan,1419.7,104
2022,Ball State,1417.7,105
2022,Virginia,1415.0,106
2022,New Mexico State,1413.5,107
2022,UTEP,1412.1,108
2022,Navy,1401.5,109
2022,UNLV,1399.9,110
2022,Rice,1393.6,111
2022,Boston College,1387.7,112
2022,Texas State,1383.0,113
2022,Old Dominion,1368.6,114
2022,Stanford,1367.9,115
2022,Louisiana Tech,1352.3,116
2022,UL Monroe,1347.1,117
2022,Temple,1332.0,118
2022,Arkansas State,1324.9,119
2022,Northern Illinois,1313.2,120
2022,Colorado State,1309.5,121
2022,Colorado,1306.5,122
2022,Northwestern,1304.2,123
2022,Nevada,1302.9,124
2022,Hawai'i,1300.5,125
2022,Akron,1293.2,126
2022,Charlotte,1287.6,127
2022,Florida International,1265.5,128
2022,South Florida,1259.4,129
2022,New Mexico,1231.5,130
2022,Massachusetts,1159.4,131
2023,Michigan,1958.6,1
2023,Georgia,1913.9,2
2023,Alabama,1899.6,3
2023,Ohio State,1898.1,4
2023,Washington,1882.8,5
2023,Texas,1881.2,6
2023,Florida State,1874.9,7
2023,Oregon,1845.6,8
2023,Penn State,1821.0,9
2023,Oklahoma,1800.3,10
2023,Notre Dame,1778.4,11
2023,Liberty,1761.8,12
2023,Missouri,1756.8,13
2023,Troy,1753.0,14
2023,LSU,1752.0,15
2023,Ole Miss,1747.7,16
2023,James Madison,1745.7,17
2023,Clemson,1742.9,18
2023,SMU,1736.5,19
2023,Oregon State,1727.9,20
2023,NC State,1727.7,21
2023,Kansas State,1714.1,22
2023,Iowa,1713.3,23
2023,Arizona,1713.2,24
2023,Tulane,1701.9,25
2023,Louisville,1693.7,26
2023,Miami (OH),1687.9,27
2023,Kansas,1671.1,28
2023,North Carolina,1670.3,29
2023,Tennessee,1667.6,30
2023,Boise State,1665.1,31
2023,Utah,1664.7,32
2023,Iowa State,1657.7,33
2023,Toledo,1648.6,34
2023,Kentucky,1648.3,35
2023,UTSA,1647.2,36
2023,Texas A&M,1645.2,37
2023,West Virginia,1641.3,38
2023,USC,1640.7,39
2023,Oklahoma State,1634.4,40
2023,Miami,1629.8,41
2023,UCLA,1629.5,42
2023,Memphis,1629.2,43
2023,Maryland,1625.0,44
2023,Duke,1624.2,45
2023,UCF,1612.1,46
2023,Wisconsin,1611.1,47
2023,App State,1610.3,48
2023,TCU,1605.3,49
2023,California,1601.0,50
2023,San José State,1600.6,51
2023,New Mexico State,1597.2,52
2023,Ohio,1596.4,53
2023,Virginia Tech,1595.7,54
2023,Texas Tech,1583.7,55
2023,Auburn,1577.3,56
2023,South Alabama,1573.0,57
2023,Florida,1555.6,58
2023,Fresno State,1553.4,59
2023,UNLV,1548.1,60
2023,Northwestern,1548.1,61
2023,Bowling Green,1547.6,62
2023,South Carolina,1547.0,63
2023,Wyoming,1545.3,64
2023,Coastal Carolina,1544.3,65
2023,Western Kentucky,1542.9,66
2023,Air Force,1538.5,67
2023,Georgia Tech,1535.3,68
2023,Jacksonville State,1529.5,69
2023,Syracuse,1529.0,70
2023,Washington State,1522.7,71
2023,Rutgers,1518.2,72
2023,Minnesota,1517.8,73
2023,Texas State,1517.6,74
2023,Louisiana,1516.0,75
2023,Marshall,1514.6,76
2023,Purdue,1512.6,77
2023,Nebraska,1504.5,78
2023,Army,1499.6,79
2023,BYU,1497.7,80
2023,Georgia Southern,1492.7,81
2023,Rice,1485.4,82
2023,Georgia State,1483.9,83
2023,Arkansas State,1481.3,84
2023,Arkansas,1479.0,85
2023,Mississippi State,1474.7,86
2023,Illinois,1474.5,87
2023,Old Dominion,1470.0,88
2023,Northern Illinois,1469.4,89
2023,Pittsburgh,1467.8,90
2023,Michigan State,1464.9,91
2023,Wake Forest,1463.2,92
2023,Cincinnati,1452.4,93
2023,Utah State,1442.9,94
2023,Boston College,1442.5,95
2023,North Texas,1438.1,96
2023,Eastern Michigan,1437.9,97
2023,Colorado,1428.0,98
2023,San Diego State,1427.3,99
2023,Houston,1423.4,100
2023,South Florida,1417.9,101
2023,Arizona State,1412.8,102
2023,Baylor,1407.2,103
2023,Indiana,1406.5,104
2023,Middle Tennessee,1401.8,105
2023,Florida Atlantic,1400.1,106
2023,Navy,1392.4,107
2023,UAB,1388.1,108
2023,Western Michigan,1387.5,109
2023,Central Michigan,1384.0,110
2023,Ball State,1383.1,111
2023,Virginia,1378.2,112
2023,Colorado State,1376.6,113
2023,Stanford,1373.0,114
2023,UConn,1369.1,115
2023,Hawai'i,1365.6,116
2023,East Carolina,1365.2,117
2023,Tulsa,1358.7,118
2023,Buffalo,1349.6,119
2023,Vanderbilt,1346.0,120
2023,Southern Miss,1341.7,121
2023,Louisiana Tech,1302.4,122
2023,New Mexico,1297.4,123
2023,UTEP,1287.3,124
2023,Sam Houston,1286.1,125
2023,Temple,1285.7,126
2023,Florida International,1283.1,127
2023,UL Monroe,1272.8,128
2023,Charlotte,1269.3,129
2023,Akron,1266.4,130
2023,Massachusetts,1265.1,131
2023,Nevada,1233.6,132
2023,Kent State,1232.8,133
2024,Oregon,1916.1,1
2024,Notre Dame,1872.2,2
2024,Ohio State,1861.0,3
2024,Texas,1856.3,4
2024,Georgia,1853.5,5
2024,Penn State,1806.2,6
2024,Alabama,1783.0,7
2024,SMU,1780.5,8
2024,Ole Miss,1774.8,9
2024,Boise State,1765.4,10
2024,Clemson,1761.3,11
2024,Tennessee,1752.0,12
2024,Arizona State,1746.9,13
2024,Indiana,1745.4,14
2024,South Carolina,1740.2,15
2024,Miami,1737.1,16
2024,Iowa,1694.6,17
2024,Louisville,1693.0,18
2024,Michigan,1683.4,19
2024,LSU,1680.1,20
2024,Missouri,1679.3,21
2024,BYU,1676.7,22
2024,Colorado,1664.7,23
2024,Texas A&M,1662.1,24
2024,Iowa State,1661.7,25
2024,UNLV,1659.1,26
2024,Duke,1655.8,27
2024,Marshall,1655.5,28
2024,Florida,1652.2,29
2024,Memphis,1651.5,30
2024,Tulane,1650.2,31
2024,Syracuse,1648.7,32
2024,Kansas State,1646.5,33
2024,Illinois,1644.1,34
2024,Ohio,1642.5,35
2024,Washington,1640.2,36
2024,Baylor,1635.5,37
2024,TCU,1630.3,38
2024,USC,1627.5,39
2024,Oklahoma,1622.1,40
2024,Liberty,1619.6,41
2024,Army,1618.4,42
2024,Minnesota,1615.4,43
2024,Texas Tech,1611.2,44
2024,James Madison,1603.4,45
2024,Georgia Tech,1597.3,46
2024,Virginia Tech,1596.8,47
2024,Jacksonville State,1595.0,48
2024,Navy,1591.0,49
2024,Louisiana,1590.7,50
2024,Kansas,1588.6,51
2024,California,1584.5,52
2024,Boston College,1575.5,53
2024,Washington State,1573.4,54
2024,Miami (OH),1570.7,55
2024,Rutgers,1568.7,56
2024,Nebraska,1559.0,57
2024,Texas State,1558.8,58
2024,Georgia Southern,1557.0,59
2024,Utah,1550.0,60
2024,Western Kentucky,1541.3,61
2024,Arkansas,1537.3,62
2024,North Carolina,1531.5,63
2024,Pittsburgh,1530.7,64
2024,West Virginia,1527.7,65
2024,Bowling Green,1527.3,66
2024,NC State,1522.6,67
2024,UTSA,1522.2,68
2024,Auburn,1518.5,69
2024,Sam Houston,1517.8,70
2024,UConn,1517.4,71
2024,UCLA,1511.7,72
2024,South Alabama,1510.7,73
2024,Vanderbilt,1509.1,74
2024,Wisconsin,1507.7,75
2024,San José State,1499.7,76
2024,Northern Illinois,1493.4,77
2024,Fresno State,1492.9,78
2024,Colorado State,1490.1,79
2024,Cincinnati,1488.1,80
2024,Buffalo,1487.7,81
2024,Toledo,1486.3,82
2024,East Carolina,1473.0,83
2024,Old Dominion,1468.1,84
2024,Northwestern,1467.2,85
2024,App State,1466.6,86
2024,Coastal Carolina,1465.5,87
2024,Arkansas State,1462.1,88
2024,South Florida,1460.1,89
2024,Troy,1458.0,90
2024,Kentucky,1452.7,91
2024,Michigan State,1448.2,92
2024,UCF,1447.1,93
2024,Oregon State,1445.9,94
2024,Arizona,1443.7,95
2024,Virginia,1442.8,96
2024,Maryland,1439.1,97
2024,North Texas,1435.3,98
2024,Florida State,1427.0,99
2024,Western Michigan,1415.5,100
2024,Wake Forest,1407.8,101
2024,Oklahoma State,1406.8,102
2024,Houston,1402.9,103
2024,Air Force,1394.2,104
2024,Utah State,1380.6,105
2024,Florida International,1369.5,106
2024,Stanford,1367.1,107
2024,Eastern Michigan,1366.7,108
2024,Rice,1365.9,109
2024,New Mexico,1363.0,110
2024,Louisiana Tech,1363.0,111
2024,Hawai'i,1360.7,112
2024,Charlotte,1358.3,113
2024,UL Monroe,1350.7,114
2024,Akron,1344.1,115
2024,Mississippi State,1340.1,116
2024,Wyoming,1331.4,117
2024,UAB,1323.9,118
2024,Purdue,1323.2,119
2024,Georgia State,1321.2,120
2024,San Diego State,1309.0,121
2024,Florida Atlantic,1304.8,122
2024,Ball State,1304.5,123
2024,Central Michigan,1304.0,124
2024,New Mexico State,1289.7,125
2024,UTEP,1284.1,126
2024,Temple,1278.8,127
2024,Nevada,1274.4,128
2024,Massachusetts,1241.4,129
2024,Middle Tennessee,1231.0,130
2024,Tulsa,1194.9,131
2024,Southern Miss,1191.1,132
2024,Kent State,1133.3,133
2024,Kennesaw State,1131.6,134
2025,Georgia,1900.6,1
2025,Ohio State,1898.5,2
2025,Oregon,1873.6,3
2025,Notre Dame,1858.4,4
2025,Indiana,1849.2,5
2025,Texas Tech,1843.7,6
2025,Ole Miss,1813.3,7
2025,Texas A&M,1791.7,8
2025,Miami,1790.3,9
2025,Alabama,1775.5,10
2025,Utah,1775.2,11
2025,Texas,1773.3,12
2025,Vanderbilt,1764.0,13
2025,Oklahoma,1758.9,14
2025,James Madison,1743.7,15
2025,BYU,1739.3,16
2025,USC,1722.4,17
2025,SMU,1707.6,18
2025,Iowa,1697.5,19
2025,Michigan,1695.1,20
2025,Tulane,1687.9,21
2025,Tennessee,1679.9,22
2025,Arizona,1674.3,23
2025,Penn State,1673.3,24
2025,Missouri,1670.5,25
2025,Clemson,1665.8,26
2025,TCU,1662.0,27
2025,Louisville,1657.5,28
2025,Washington,1653.9,29
2025,Navy,1651.8,30
2025,North Texas,1650.3,31
2025,South Florida,1649.8,32
2025,LSU,1640.3,33
2025,Duke,1636.9,34
2025,UNLV,1635.8,35
2025,Arizona State,1635.2,36
2025,Boise State,1628.1,37
2025,Virginia,1624.5,38
2025,Iowa State,1613.6,39
2025,Pittsburgh,1611.7,40
2025,Georgia Tech,1610.7,41
2025,Old Dominion,1607.3,42
2025,Illinois,1603.4,43
2025,Houston,1597.8,44
2025,Kansas State,1596.4,45
2025,Toledo,1593.4,46
2025,Memphis,1589.2,47
2025,NC State,1577.0,48
2025,San Diego State,1575.2,49
2025,UConn,1571.1,50
2025,Minnesota,1570.6,51
2025,East Carolina,1568.6,52
2025,Western Michigan,1560.9,53
2025,New Mexico,1558.1,54
2025,Ohio,1556.4,55
2025,Auburn,1549.2,56
2025,Cincinnati,1545.7,57
2025,Nebraska,1543.5,58
2025,Fresno State,1535.1,59
2025,South Carolina,1532.7,60
2025,Hawai'i,1531.1,61
2025,Florida,1530.0,62
2025,Texas State,1526.9,63
2025,UTSA,1524.6,64
2025,Wake Forest,1519.3,65
2025,Washington State,1514.1,66
2025,Kentucky,1511.4,67
2025,Kennesaw State,1510.2,68
2025,Rutgers,1500.1,69
2025,Troy,1499.9,70
2025,Northwestern,1497.2,71
2025,Miami (OH),1493.3,72
2025,Western Kentucky,1492.7,73
2025,Kansas,1489.6,74
2025,Baylor,1489.4,75
2025,California,1484.8,76
2025,Louisiana,1481.1,77
2025,Wisconsin,1480.2,78
2025,Marshall,1477.5,79
2025,Jacksonville State,1477.0,80
2025,Florida State,1476.9,81
2025,Louisiana Tech,1476.4,82
2025,Mississippi State,1472.2,83
2025,Utah State,1472.0,84
2025,UCF,1460.3,85
2025,Army,1460.2,86
2025,Florida International,1458.6,87
2025,Georgia Southern,1441.6,88
2025,Central Michigan,1439.8,89
2025,West Virginia,1438.4,90
2025,Arkansas,1433.8,91
2025,Stanford,1430.6,92
2025,Michigan State,1427.5,93
2025,Coastal Carolina,1426.0,94
2025,Southern Miss,1415.5,95
2025,Maryland,1412.5,96
2025,App State,1412.4,97
2025,North Carolina,1412.3,98
2025,Colorado,1409.8,99
2025,Arkansas State,1407.4,100
2025,UCLA,1406.2,101
2025,South Alabama,1389.9,102
2025,Temple,1380.2,103
2025,Boston College,1374.1,104
2025,Air Force,1369.4,105
2025,Syracuse,1369.3,106
2025,Missouri State,1367.2,107
2025,Liberty,1365.9,108
2025,Buffalo,1363.9,109
2025,Virginia Tech,1360.8,110
2025,Delaware,1357.2,111
2025,Eastern Michigan,1346.6,112
2025,Rice,1344.6,113
2025,Florida Atlantic,1344.0,114
2025,Wyoming,1341.5,115
2025,Bowling Green,1339.3,116
2025,Akron,1333.7,117
2025,Nevada,1329.0,118
2025,Purdue,1328.9,119
2025,UAB,1326.3,120
2025,Kent State,1311.4,121
2025,San José State,1306.3,122
2025,Northern Illinois,1306.2,123
2025,Tulsa,1303.1,124
2025,Ball State,1287.6,125
2025,Oregon State,1283.4,126
2025,Colorado State,1282.8,127
2025,New Mexico State,1281.5,128
2025,Oklahoma State,1262.9,129
2025,UL Monroe,1255.7,130
2025,Middle Tennessee,1242.9,131
2025,Sam Houston,1230.8,132
2025,Georgia State,1221.8,133
2025,UTEP,1220.6,134
2025,Charlotte,1193.3,135
2025,Massachusetts,1082.0,136
2026,Georgia,1796.1,1
2026,Notre Dame,1777.0,2
2026,Alabama,1772.7,3
2026,Miami,1766.4,4
2026,Ohio State,1753.4,5
2026,Texas,1749.7,6
2026,Ole Miss,1742.6,7
2026,USC,1722.7,8
2026,Indiana,1718.8,9
2026,Texas Tech,1709.4,10
2026,Tennessee,1701.6,11
2026,Michigan,1686.6,12
2026,Penn State,1684.5,13
2026,BYU,1684.2,14
2026,Missouri,1678.4,15
2026,Utah,1675.5,16
2026,Oregon,1673.1,17
2026,Texas A&M,1669.1,18
2026,LSU,1664.7,19
2026,Vanderbilt,1661.6,20
2026,Oklahoma,1659.1,21
2026,Duke,1657.3,22
2026,Mississippi State,1653.6,23
2026,James Madison,1653.2,24
2026,Iowa,1640.6,25
2026,Florida,1637.2,26
2026,Washington,1628.4,27
2026,Pittsburgh,1627.8,28
2026,Kansas State,1627.0,29
2026,South Florida,1624.0,30
2026,Louisville,1619.9,31
2026,Clemson,1616.5,32
2026,Nebraska,1613.2,33
2026,UCLA,1604.8,34
2026,SMU,1603.3,35
2026,Boise State,1600.6,36
2026,TCU,1585.6,37
2026,Arizona State,1582.4,38
2026,Virginia Tech,1576.0,39
2026,Arizona,1575.1,40
2026,North Dakota State,1574.9,41
2026,West Virginia,1569.7,42
2026,Cincinnati,1567.6,43
2026,Houston,1567.5,44
2026,Iowa State,1564.0,45
2026,Auburn,1563.3,46
2026,Kentucky,1561.0,47
2026,Virginia,1560.7,48
2026,Northwestern,1560.1,49
2026,Fresno State,1558.3,50
2026,Memphis,1556.7,51
2026,Illinois,1554.5,52
2026,South Carolina,1547.0,53
2026,Western Michigan,1543.5,54
2026,Baylor,1540.3,55
2026,UTSA,1532.1,56
2026,UConn,1529.2,57
2026,Tulane,1526.6,58
2026,Wisconsin,1526.4,59
2026,New Mexico,1526.2,60
2026,Michigan State,1524.9,61
2026,North Texas,1523.8,62
2026,Minnesota,1521.9,63
2026,Wake Forest,1521.7,64
2026,NC State,1511.9,65
2026,UNLV,1510.8,66
2026,Georgia Tech,1509.8,67
2026,UCF,1509.6,68
2026,Maryland,1509.3,69
2026,App State,1505.8,70
2026,North Carolina,1505.7,71
2026,Texas State,1505.3,72
2026,Florida State,1501.4,73
2026,East Carolina,1495.0,74
2026,Toledo,1492.3,75
2026,Louisiana,1491.5,76
2026,Marshall,1490.3,77
2026,Troy,1489.1,78
2026,California,1483.6,79
2026,Tulsa,1479.6,80
2026,Liberty,1463.4,81
2026,Florida Atlantic,1459.8,82
2026,South Alabama,1453.4,83
2026,Colorado,1449.6,84
2026,Oklahoma State,1449.3,85
2026,Washington State,1448.6,86
2026,San Diego State,1447.4,87
2026,Jacksonville State,1447.4,88
2026,Boston College,1446.2,89
2026,Florida International,1445.6,90
2026,Central Michigan,1444.7,91
2026,Old Dominion,1444.5,92
2026,Arkansas,1441.0,93
2026,Stanford,1440.0,94
2026,Ohio,1438.4,95
2026,Miami (OH),1436.5,96
2026,Hawai'i,1431.3,97
2026,Kansas,1430.6,98
2026,Navy,1429.6,99
2026,Delaware,1429.2,100
2026,Georgia Southern,1422.4,101
2026,Syracuse,1419.8,102
2026,Louisiana Tech,1419.2,103
2026,Colorado State,1415.9,104
2026,Temple,1407.7,105
2026,Arkansas State,1404.7,106
2026,Army,1403.5,107
2026,Purdue,1402.3,108
2026,Georgia State,1402.2,109
2026,Kennesaw State,1396.5,110
2026,Middle Tennessee,1395.4,111
2026,Coastal Carolina,1393.8,112
2026,Western Kentucky,1391.3,113
2026,Oregon State,1386.0,114
2026,San José State,1384.5,115
2026,Massachusetts,1383.1,116
2026,Rutgers,1383.0,117
2026,UAB,1382.9,118
2026,Rice,1381.7,119
2026,Missouri State,1375.8,120
2026,Buffalo,1371.5,121
2026,Utah State,1370.4,122
2026,Kent State,1369.2,123
2026,Southern Miss,1365.9,124
2026,Akron,1365.1,125
2026,Nevada,1361.7,126
2026,UTEP,1348.7,127
2026,Sam Houston,1346.6,128
2026,Air Force,1344.3,129
2026,Ball State,1341.2,130
2026,Eastern Michigan,1334.3,131
2026,Wyoming,1328.9,132
2026,New Mexico State,1323.7,133
2026,Bowling Green,1309.1,134
2026,Northern Illinois,1309.0,135
2026,Sacramento State,1292.3,136
2026,Charlotte,1292.2,137
2026,UL Monroe,1267.5,138
