year,team,conference,rating,ranking,secondOrderWins,sos,offense,defense,specialTeams
2024,Ohio State,Big Ten,31.2,1,,,"{'ranking': 3, 'rating': 39.5, 'success': None, 'explosiveness': None, 'rushing': None, 'passing': None, 'standardDowns': None, 'passingDowns': None, 'runRate': None, 'pace': None}","{'ranking': 1, 'rating': 9.2, 'success': None, 'explosiveness': None, 'rushing': None, 'passing': None, 'standardDowns': None, 'passingDowns': None, 'havoc': {'total': None, 'frontSeven': None, 'db': None}}",{'rating': 0.8}
2024,Ole Miss,SEC,27.9,2,,,"{'ranking': 7, 'rating': 37.7, 'success': None, 'explosiveness': None, 'rushing': None, 'passing': None, 'standardDowns': None, 'passingDowns': None, 'runRate': None, 'pace': None}","{'ranking': 3, 'rating': 11.9, 'success': None, 'explosiveness': None, 'rushing': None, 'passing': None, 'standardDowns': None, 'passingDowns': None, 'havoc': {'total': None, 'frontSeven': None, 'db': None}}",{'rating': 2.1}
2024,Oregon,Big Ten,26,3,,,"{'ranking': 2, 'rating': 40.8, 'success': None, 'explosiveness': None, 'rushing': None, 'passing': None, 'standardDowns': None, 'passingDowns': None, 'runRate': None, 'pace': None}","{'ranking': 14, 'rating': 16.3, 'success': None, 'explosiveness': None, 'rushing': None, 'passing': None, 'standardDowns': None, 'passingDowns': None, 'havoc': {'total': None, 'frontSeven': None, 'db': None}}",{'rating': 1.5}
2024,Alabama,SEC,25,4,,,"{'ranking': 6, 'rating': 37.9, 'success': None, 'explosiveness': None, 'rushing': None, 'passing': None, 'standardDowns': None, 'passingDowns': None, 'runRate': None, 'pace': None}","{'ranking': 8, 'rating': 14.6, 'success': None, 'explosiveness': None, 'rushing': None, 'passing': None, 'standardDowns': None, 'passingDowns': None, 'havoc': {'total': None, 'frontSeven': None, 'db': None}}",{'rating': 1.7}
2024,Penn State,Big Ten,24.6,5,,,"{'ranking': 9, 'rating': 37.5, 'success': None, 'explosiveness': None, 'rushing': None, 'passing': None, 'standardDowns': None, 'passingDowns': None, 'runRate': None, 'pace': None}","{'ranking': 4, 'rating': 13.1, 'success': None, 'explosiveness': None, 'rushing': None, 'passing': None, 'standardDowns': None, 'passingDowns': None, 'havoc': {'total': None, 'frontSeven': None, 'db': None}}",{'rating': 0.2}
2024,Georgia,SEC,24.3,6,,,"{'ranking': 10, 'rating': 37.3, 'success': None, 'explosiveness': None, 'rushing': None, 'passing': None, 'standardDowns': None, 'passingDowns': None, 'runRate': None, 'pace': None}","{'ranking': 9, 'rating': 14.9, 'success': None, 'explosiveness': None, 'rushing': None, 'passing': None, 'standardDowns': None, 'passingDowns': None, 'havoc': {'total': None, 'frontSeven': None, 'db': None}}",{'rating': 1.9}
2024,Texas,SEC,24.1,7,,,"{'ranking': 13, 'rating': 36.6, 'success': None, 'explosiveness': None, 'rushing': None, 'passing': None, 'standardDowns': None, 'passingDowns': None, 'runRate': None, 'pace': None}","{'ranking': 2, 'rating': 10.8, 'success': None, 'explosiveness': None, 'rushing': None, 'passing': None, 'standardDowns': None, 'passingDowns': None, 'havoc': {'total': None, 'frontSeven': None, 'db': None}}",{'rating': -1.7}
2024,Notre Dame,FBS Independents,23.9,8,,,"{'ranking': 4, 'rating': 38.6, 'success': None, 'explosiveness': None, 'rushing': None, 'passing': None, 'standardDowns': None, 'passingDowns': None, 'runRate': None, 'pace': None}","{'ranking': 7, 'rating': 14.1, 'success': None, 'explosiveness': None, 'rushing': None, 'passing': None, 'standardDowns': None, 'passingDowns': None, 'havoc': {'total': None, 'frontSeven': None, 'db': None}}",{'rating': -0.6}
2024,Tennessee,SEC,22,9,,,"{'ranking': 23, 'rating': 33.7, 'success': None, 'explosiveness': None, 'rushing': None, 'passing': None, 'standardDowns': None, 'passingDowns': None, 'runRate': None, 'pace': None}","{'ranking': 6, 'rating': 13.5, 'success': None, 'explosiveness': None, 'rushing': None, 'passing': None, 'standardDowns': None, 'passingDowns': None, 'havoc': {'total': None, 'frontSeven': None, 'db': None}}",{'rating': 1.7}
2024,Miami,ACC,21.6,10,,,"{'ranking': 1, 'rating': 44.2, 'success': None, 'explosiveness': None, 'rushing': None, 'passing': None, 'standardDowns': None, 'passingDowns': None, 'runRate': None, 'pace': None}","{'ranking': 51, 'rating': 24.3, 'success': None, 'explosiveness': None, 'rushing': None, 'passing': None, 'standardDowns': None, 'passingDowns': None, 'havoc': {'total': None, 'frontSeven': None, 'db': None}}",{'rating': 1.8}
2024,Indiana,Big Ten,20.1,11,,,"{'ranking': 18, 'rating': 35, 'success': None, 'explosiveness': None, 'rushing': None, 'passing': None, 'standardDowns': None, 'passingDowns': None, 'runRate': None, 'pace': None}","{'ranking': 15, 'rating': 16.4, 'success': None, 'explosiveness': None, 'rushing': None, 'passing': None, 'standardDowns': None, 'passingDowns': None, 'havoc': {'total': None, 'frontSeven': None, 'db': None}}",{'rating': 1.5}
2024,SMU,ACC,17.5,12,,,"{'ranking': 5, 'rating': 38.2, 'success': None, 'explosiveness': None, 'rushing': None, 'passing': None, 'standardDowns': None, 'passingDowns': None, 'runRate': None, 'pace': None}","{'ranking': 30, 'rating': 21.1, 'success': None, 'explosiveness': None, 'rushing': None, 'passing': None, 'standardDowns': None, 'passingDowns': None, 'havoc': {'total': None, 'frontSeven': None, 'db': None}}",{'rating': 0.4}
2024,Texas A&M,SEC,17,13,,,"{'ranking': 21, 'rating': 34, 'success': None, 'explosiveness': None, 'rushing': None, 'passing': None, 'standardDowns': None, 'passingDowns': None, 'runRate': None, 'pace': None}","{'ranking': 19, 'rating': 18.6, 'success': None, 'explosiveness': None, 'rushing': None, 'passing': None, 'standardDowns': None, 'passingDowns': None, 'havoc': {'total': None, 'frontSeven': None, 'db': None}}",{'rating': 1.6}
2024,South Carolina,SEC,16.9,14,,,"{'ranking': 35, 'rating': 32.1, 'success': None, 'explosiveness': None, 'rushing': None, 'passing': None, 'standardDowns': None, 'passingDowns': None, 'runRate': None, 'pace': None}","{'ranking': 13, 'rating': 16, 'success': None, 'explosiveness': None, 'rushing': None, 'passing': None, 'standardDowns': None, 'passingDowns': None, 'havoc': {'total': None, 'frontSeven': None, 'db': None}}",{'rating': 0.8}
2024,LSU,SEC,15.9,15,,,"{'ranking': 11, 'rating': 36.8, 'success': None, 'explosiveness': None, 'rushing': None, 'passing': None, 'standardDowns': None, 'passingDowns': None, 'runRate': None, 'pace': None}","{'ranking': 33, 'rating': 21.7, 'success': None, 'explosiveness': None, 'rushing': None, 'passing': None, 'standardDowns': None, 'passingDowns': None, 'havoc': {'total': None, 'frontSeven': None, 'db': None}}",{'rating': 0.8}
2024,Iowa,Big Ten,15.8,16,,,"{'ranking': 69, 'rating': 27, 'success': None, 'explosiveness': None, 'rushing': None, 'passing': None, 'standardDowns': None, 'passingDowns': None, 'runRate': None, 'pace': None}","{'ranking': 5, 'rating': 13.3, 'success': None, 'explosiveness': None, 'rushing': None, 'passing': None, 'standardDowns': None, 'passingDowns': None, 'havoc': {'total': None, 'frontSeven': None, 'db': None}}",{'rating': 2}
2024,BYU,Big 12,15.3,17,,,"{'ranking': 36, 'rating': 32, 'success': None, 'explosiveness': None, 'rushing': None, 'passing': None, 'standardDowns': None, 'passingDowns': None, 'runRate': None, 'pace': None}","{'ranking': 21, 'rating': 18.8, 'success': None, 'explosiveness': None, 'rushing': None, 'passing': None, 'standardDowns': None, 'passingDowns': None, 'havoc': {'total': None, 'frontSeven': None, 'db': None}}",{'rating': 2}
2024,Kansas State,Big 12,14.1,18,,,"{'ranking': 29, 'rating': 33, 'success': None, 'explosiveness': None, 'rushing': None, 'passing': None, 'standardDowns': None, 'passingDowns': None, 'runRate': None, 'pace': None}","{'ranking': 25, 'rating': 20.4, 'success': None, 'explosiveness': None, 'rushing': None, 'passing': None, 'standardDowns': None, 'passingDowns': None, 'havoc': {'total': None, 'frontSeven': None, 'db': None}}",{'rating': 1.5}
2024,Missouri,SEC,14,19,,,"{'ranking': 23, 'rating': 33.7, 'success': None, 'explosiveness': None, 'rushing': None, 'passing': None, 'standardDowns': None, 'passingDowns': None, 'runRate': None, 'pace': None}","{'ranking': 20, 'rating': 18.7, 'success': None, 'explosiveness': None, 'rushing': None, 'passing': None, 'standardDowns': None, 'passingDowns': None, 'havoc': {'total': None, 'frontSeven': None, 'db': None}}",{'rating': -1}
2024,Florida,SEC,13.8,20,,,"{'ranking': 37, 'rating': 31.7, 'success': None, 'explosiveness': None, 'rushing': None, 'passing': None, 'standardDowns': None, 'passingDowns': None, 'runRate': None, 'pace': None}","{'ranking': 23, 'rating': 20, 'success': None, 'explosiveness': None, 'rushing': None, 'passing': None, 'standardDowns': None, 'passingDowns': None, 'havoc': {'total': None, 'frontSeven': None, 'db': None}}",{'rating': 2.1}
2024,Louisville,ACC,13.6,21,,,"{'ranking': 7, 'rating': 37.7, 'success': None, 'explosiveness': None, 'rushing': None, 'passing': None, 'standardDowns': None, 'passingDowns': None, 'runRate': None, 'pace': None}","{'ranking': 40, 'rating': 22.9, 'success': None, 'explosiveness': None, 'rushing': None, 'passing': None, 'standardDowns': None, 'passingDowns': None, 'havoc': {'total': None, 'frontSeven': None, 'db': None}}",{'rating': -1.1}
2024,Clemson,ACC,13.3,22,,,"{'ranking': 16, 'rating': 35.4, 'success': None, 'explosiveness': None, 'rushing': None, 'passing': None, 'standardDowns': None, 'passingDowns': None, 'runRate': None, 'pace': None}","{'ranking': 26, 'rating': 20.9, 'success': None, 'explosiveness': None, 'rushing': None, 'passing': None, 'standardDowns': None, 'passingDowns': None, 'havoc': {'total': None, 'frontSeven': None, 'db': None}}",{'rating': -1.1}
2024,USC,Big Ten,11.9,23,,,"{'ranking': 15, 'rating': 35.6, 'success': None, 'explosiveness': None, 'rushing': None, 'passing': None, 'standardDowns': None, 'passingDowns': None, 'runRate': None, 'pace': None}","{'ranking': 48, 'rating': 24, 'success': None, 'explosiveness': None, 'rushing': None, 'passing': None, 'standardDowns': None, 'passingDowns': None, 'havoc': {'total': None, 'frontSeven': None, 'db': None}}",{'rating': 0.3}
2024,Arkansas,SEC,11,24,,,"{'ranking': 40, 'rating': 31.4, 'success': None, 'explosiveness': None, 'rushing': None, 'passing': None, 'standardDowns': None, 'passingDowns': None, 'runRate': None, 'pace': None}","{'ranking': 33, 'rating': 21.7, 'success': None, 'explosiveness': None, 'rushing': None, 'passing': None, 'standardDowns': None, 'passingDowns': None, 'havoc': {'total': None, 'frontSeven': None, 'db': None}}",{'rating': 1.3}
2024,TCU,Big 12,10.8,25,,,"{'ranking': 19, 'rating': 34.6, 'success': None, 'explosiveness': None, 'rushing': None, 'passing': None, 'standardDowns': None, 'passingDowns': None, 'runRate': None, 'pace': None}","{'ranking': 38, 'rating': 22.8, 'success': None, 'explosiveness': None, 'rushing': None, 'passing': None, 'standardDowns': None, 'passingDowns': None, 'havoc': {'total': None, 'frontSeven': None, 'db': None}}",{'rating': -0.9}
2024,Michigan,Big Ten,10.6,26,,,"{'ranking': 93, 'rating': 24.1, 'success': None, 'explosiveness': None, 'rushing': None, 'passing': None, 'standardDowns': None, 'passingDowns': None, 'runRate': None, 'pace': None}","{'ranking': 10, 'rating': 15.1, 'success': None, 'explosiveness': None, 'rushing': None, 'passing': None, 'standardDowns': None, 'passingDowns': None, 'havoc': {'total': None, 'frontSeven': None, 'db': None}}",{'rating': 1.7}
2024,Minnesota,Big Ten,10.4,27,,,"{'ranking': 79, 'rating': 25.6, 'success': None, 'explosiveness': None, 'rushing': None, 'passing': None, 'standardDowns': None, 'passingDowns': None, 'runRate': None, 'pace': None}","{'ranking': 11, 'rating': 15.4, 'success': None, 'explosiveness': None, 'rushing': None, 'passing': None, 'standardDowns': None, 'passingDowns': None, 'havoc': {'total': None, 'frontSeven': None, 'db': None}}",{'rating': 0.2}
2024,Iowa State,Big 12,10.3,28,,,"{'ranking': 44, 'rating': 30.8, 'success': None, 'explosiveness': None, 'rushing': None, 'passing': None, 'standardDowns': None, 'passingDowns': None, 'runRate': None, 'pace': None}","{'ranking': 24, 'rating': 20.2, 'success': None, 'explosiveness': None, 'rushing': None, 'passing': None, 'standardDowns': None, 'passingDowns': None, 'havoc': {'total': None, 'frontSeven': None, 'db': None}}",{'rating': -0.3}
2024,Boise State,Pac-12,10.1,29,,,"{'ranking': 17, 'rating': 35.3, 'success': None, 'explosiveness': None, 'rushing': None, 'passing': None, 'standardDowns': None, 'passingDowns': None, 'runRate': None, 'pace': None}","{'ranking': 50, 'rating': 24.2, 'success': None, 'explosiveness': None, 'rushing': None, 'passing': None, 'standardDowns': None, 'passingDowns': None, 'havoc': {'total': None, 'frontSeven': None, 'db': None}}",{'rating': -1}
2024,Virginia Tech,ACC,10,30,,,"{'ranking': 41, 'rating': 31.3, 'success': None, 'explosiveness': None, 'rushing': None, 'passing': None, 'standardDowns': None, 'passingDowns': None, 'runRate': None, 'pace': None}","{'ranking': 36, 'rating': 22.4, 'success': None, 'explosiveness': None, 'rushing': None, 'passing': None, 'standardDowns': None, 'passingDowns': None, 'havoc': {'total': None, 'frontSeven': None, 'db': None}}",{'rating': 1.2}
2024,Memphis,American Athletic,9.6,31,,,"{'ranking': 12, 'rating': 36.7, 'success': None, 'explosiveness': None, 'rushing': None, 'passing': None, 'standardDowns': None, 'passingDowns': None, 'runRate': None, 'pace': None}","{'ranking': 80, 'rating': 28.2, 'success': None, 'explosiveness': None, 'rushing': None, 'passing': None, 'standardDowns': None, 'passingDowns': None, 'havoc': {'total': None, 'frontSeven': None, 'db': None}}",{'rating': 1}
2024,Illinois,Big Ten,9.6,31,,,"{'ranking': 55, 'rating': 29, 'success': None, 'explosiveness': None, 'rushing': None, 'passing': None, 'standardDowns': None, 'passingDowns': None, 'runRate': None, 'pace': None}","{'ranking': 26, 'rating': 20.9, 'success': None, 'explosiveness': None, 'rushing': None, 'passing': None, 'standardDowns': None, 'passingDowns': None, 'havoc': {'total': None, 'frontSeven': None, 'db': None}}",{'rating': 1.5}
2024,Auburn,SEC,9.5,33,,,"{'ranking': 63, 'rating': 27.9, 'success': None, 'explosiveness': None, 'rushing': None, 'passing': None, 'standardDowns': None, 'passingDowns': None, 'runRate': None, 'pace': None}","{'ranking': 17, 'rating': 17.8, 'success': None, 'explosiveness': None, 'rushing': None, 'passing': None, 'standardDowns': None, 'passingDowns': None, 'havoc': {'total': None, 'frontSeven': None, 'db': None}}",{'rating': -0.6}
2024,Oklahoma,SEC,9.5,33,,,"{'ranking': 75, 'rating': 25.9, 'success': None, 'explosiveness': None, 'rushing': None, 'passing': None, 'standardDowns': None, 'passingDowns': None, 'runRate': None, 'pace': None}","{'ranking': 17, 'rating': 17.8, 'success': None, 'explosiveness': None, 'rushing': None, 'passing': None, 'standardDowns': None, 'passingDowns': None, 'havoc': {'total': None, 'frontSeven': None, 'db': None}}",{'rating': 1.4}
2024,Arizona State,Big 12,9.4,35,,,"{'ranking': 32, 'rating': 32.4, 'success': None, 'explosiveness': None, 'rushing': None, 'passing': None, 'standardDowns': None, 'passingDowns': None, 'runRate': None, 'pace': None}","{'ranking': 26, 'rating': 20.9, 'success': None, 'explosiveness': None, 'rushing': None, 'passing': None, 'standardDowns': None, 'passingDowns': None, 'havoc': {'total': None, 'frontSeven': None, 'db': None}}",{'rating': -2.1}
2024,UNLV,Mountain West,9.3,36,,,"{'ranking': 31, 'rating': 32.6, 'success': None, 'explosiveness': None, 'rushing': None, 'passing': None, 'standardDowns': None, 'passingDowns': None, 'runRate': None, 'pace': None}","{'ranking': 55, 'rating': 24.6, 'success': None, 'explosiveness': None, 'rushing': None, 'passing': None, 'standardDowns': None, 'passingDowns': None, 'havoc': {'total': None, 'frontSeven': None, 'db': None}}",{'rating': 1.3}
2024,Army,American Athletic,9.2,37,,,"{'ranking': 42, 'rating': 31.1, 'success': None, 'explosiveness': None, 'rushing': None, 'passing': None, 'standardDowns': None, 'passingDowns': None, 'runRate': None, 'pace': None}","{'ranking': 33, 'rating': 21.7, 'success': None, 'explosiveness': None, 'rushing': None, 'passing': None, 'standardDowns': None, 'passingDowns': None, 'havoc': {'total': None, 'frontSeven': None, 'db': None}}",{'rating': -0.1}
2024,Baylor,Big 12,8.4,38,,,"{'ranking': 25, 'rating': 33.5, 'success': None, 'explosiveness': None, 'rushing': None, 'passing': None, 'standardDowns': None, 'passingDowns': None, 'runRate': None, 'pace': None}","{'ranking': 63, 'rating': 26.2, 'success': None, 'explosiveness': None, 'rushing': None, 'passing': None, 'standardDowns': None, 'passingDowns': None, 'havoc': {'total': None, 'frontSeven': None, 'db': None}}",{'rating': 1.1}
2024,Colorado,Big 12,8.1,39,,,"{'ranking': 27, 'rating': 33.3, 'success': None, 'explosiveness': None, 'rushing': None, 'passing': None, 'standardDowns': None, 'passingDowns': None, 'runRate': None, 'pace': None}","{'ranking': 45, 'rating': 23.5, 'success': None, 'explosiveness': None, 'rushing': None, 'passing': None, 'standardDowns': None, 'passingDowns': None, 'havoc': {'total': None, 'frontSeven': None, 'db': None}}",{'rating': -1.7}
2024,Utah,Big 12,7.7,40,,,"{'ranking': 96, 'rating': 23.6, 'success': None, 'explosiveness': None, 'rushing': None, 'passing': None, 'standardDowns': None, 'passingDowns': None, 'runRate': None, 'pace': None}","{'ranking': 16, 'rating': 17.2, 'success': None, 'explosiveness': None, 'rushing': None, 'passing': None, 'standardDowns': None, 'passingDowns': None, 'havoc': {'total': None, 'frontSeven': None, 'db': None}}",{'rating': 1.3}
2024,James Madison,Sun Belt,7.5,41,,,"{'ranking': 49, 'rating': 29.7, 'success': None, 'explosiveness': None, 'rushing': None, 'passing': None, 'standardDowns': None, 'passingDowns': None, 'runRate': None, 'pace': None}","{'ranking': 40, 'rating': 22.9, 'success': None, 'explosiveness': None, 'rushing': None, 'passing': None, 'standardDowns': None, 'passingDowns': None, 'havoc': {'total': None, 'frontSeven': None, 'db': None}}",{'rating': 0.7}
2024,Rutgers,Big Ten,6.4,42,,,"{'ranking': 58, 'rating': 28.5, 'success': None, 'explosiveness': None, 'rushing': None, 'passing': None, 'standardDowns': None, 'passingDowns': None, 'runRate': None, 'pace': None}","{'ranking': 38, 'rating': 22.8, 'success': None, 'explosiveness': None, 'rushing': None, 'passing': None, 'standardDowns': None, 'passingDowns': None, 'havoc': {'total': None, 'frontSeven': None, 'db': None}}",{'rating': 0.7}
2024,Tulane,American Athletic,5.7,43,,,"{'ranking': 30, 'rating': 32.9, 'success': None, 'explosiveness': None, 'rushing': None, 'passing': None, 'standardDowns': None, 'passingDowns': None, 'runRate': None, 'pace': None}","{'ranking': 73, 'rating': 27.1, 'success': None, 'explosiveness': None, 'rushing': None, 'passing': None, 'standardDowns': None, 'passingDowns': None, 'havoc': {'total': None, 'frontSeven': None, 'db': None}}",{'rating': -0.1}
2024,Duke,ACC,5.6,44,,,"{'ranking': 71, 'rating': 26.7, 'success': None, 'explosiveness': None, 'rushing': None, 'passing': None, 'standardDowns': None, 'passingDowns': None, 'runRate': None, 'pace': None}","{'ranking': 31, 'rating': 21.3, 'success': None, 'explosiveness': None, 'rushing': None, 'passing': None, 'standardDowns': None, 'passingDowns': None, 'havoc': {'total': None, 'frontSeven': None, 'db': None}}",{'rating': 0.2}
2024,Kentucky,SEC,5.5,45,,,"{'ranking': 88, 'rating': 24.5, 'success': None, 'explosiveness': None, 'rushing': None, 'passing': None, 'standardDowns': None, 'passingDowns': None, 'runRate': None, 'pace': None}","{'ranking': 26, 'rating': 20.9, 'success': None, 'explosiveness': None, 'rushing': None, 'passing': None, 'standardDowns': None, 'passingDowns': None, 'havoc': {'total': None, 'frontSeven': None, 'db': None}}",{'rating': 2}
2024,Syracuse,ACC,5.5,45,,,"{'ranking': 14, 'rating': 35.8, 'success': None, 'explosiveness': None, 'rushing': None, 'passing': None, 'standardDowns': None, 'passingDowns': None, 'runRate': None, 'pace': None}","{'ranking': 83, 'rating': 28.9, 'success': None, 'explosiveness': None, 'rushing': None, 'passing': None, 'standardDowns': None, 'passingDowns': None, 'havoc': {'total': None, 'frontSeven': None, 'db': None}}",{'rating': -1.3}
2024,Nebraska,Big Ten,5.5,45,,,"{'ranking': 99, 'rating': 23.1, 'success': None, 'explosiveness': None, 'rushing': None, 'passing': None, 'standardDowns': None, 'passingDowns': None, 'runRate': None, 'pace': None}","{'ranking': 12, 'rating': 15.8, 'success': None, 'explosiveness': None, 'rushing': None, 'passing': None, 'standardDowns': None, 'passingDowns': None, 'havoc': {'total': None, 'frontSeven': None, 'db': None}}",{'rating': -1.8}
2024,Texas State,Pac-12,5.4,48,,,"{'ranking': 20, 'rating': 34.2, 'success': None, 'explosiveness': None, 'rushing': None, 'passing': None, 'standardDowns': None, 'passingDowns': None, 'runRate': None, 'pace': None}","{'ranking': 82, 'rating': 28.4, 'success': None, 'explosiveness': None, 'rushing': None, 'passing': None, 'standardDowns': None, 'passingDowns': None, 'havoc': {'total': None, 'frontSeven': None, 'db': None}}",{'rating': -0.4}
2024,North Carolina,ACC,5,49,,,"{'ranking': 38, 'rating': 31.5, 'success': None, 'explosiveness': None, 'rushing': None, 'passing': None, 'standardDowns': None, 'passingDowns': None, 'runRate': None, 'pace': None}","{'ranking': 64, 'rating': 26.3, 'success': None, 'explosiveness': None, 'rushing': None, 'passing': None, 'standardDowns': None, 'passingDowns': None, 'havoc': {'total': None, 'frontSeven': None, 'db': None}}",{'rating': -0.2}
2024,Vanderbilt,SEC,4.9,50,,,"{'ranking': 60, 'rating': 28.2, 'success': None, 'explosiveness': None, 'rushing': None, 'passing': None, 'standardDowns': None, 'passingDowns': None, 'runRate': None, 'pace': None}","{'ranking': 59, 'rating': 25.4, 'success': None, 'explosiveness': None, 'rushing': None, 'passing': None, 'standardDowns': None, 'passingDowns': None, 'havoc': {'total': None, 'frontSeven': None, 'db': None}}",{'rating': 2}
2024,Pittsburgh,ACC,4.9,50,,,"{'ranking': 54, 'rating': 29.3, 'success': None, 'explosiveness': None, 'rushing': None, 'passing': None, 'standardDowns': None, 'passingDowns': None, 'runRate': None, 'pace': None}","{'ranking': 64, 'rating': 26.3, 'success': None, 'explosiveness': None, 'rushing': None, 'passing': None, 'standardDowns': None, 'passingDowns': None, 'havoc': {'total': None, 'frontSeven': None, 'db': None}}",{'rating': 1.8}
2024,Kansas,Big 12,4.9,50,,,"{'ranking': 32, 'rating': 32.4, 'success': None, 'explosiveness': None, 'rushing': None, 'passing': None, 'standardDowns': None, 'passingDowns': None, 'runRate': None, 'pace': None}","{'ranking': 68, 'rating': 26.5, 'success': None, 'explosiveness': None, 'rushing': None, 'passing': None, 'standardDowns': None, 'passingDowns': None, 'havoc': {'total': None, 'frontSeven': None, 'db': None}}",{'rating': -1}
2024,Louisiana,Sun Belt,4.8,53,,,"{'ranking': 38, 'rating': 31.5, 'success': None, 'explosiveness': None, 'rushing': None, 'passing': None, 'standardDowns': None, 'passingDowns': None, 'runRate': None, 'pace': None}","{'ranking': 78, 'rating': 27.8, 'success': None, 'explosiveness': None, 'rushing': None, 'passing': None, 'standardDowns': None, 'passingDowns': None, 'havoc': {'total': None, 'frontSeven': None, 'db': None}}",{'rating': 1.1}
2024,Texas Tech,Big 12,4.3,54,,,"{'ranking': 25, 'rating': 33.5, 'success': None, 'explosiveness': None, 'rushing': None, 'passing': None, 'standardDowns': None, 'passingDowns': None, 'runRate': None, 'pace': None}","{'ranking': 95, 'rating': 30.8, 'success': None, 'explosiveness': None, 'rushing': None, 'passing': None, 'standardDowns': None, 'passingDowns': None, 'havoc': {'total': None, 'frontSeven': None, 'db': None}}",{'rating': 1.6}
2024,California,ACC,4,55,,,"{'ranking': 65, 'rating': 27.4, 'success': None, 'explosiveness': None, 'rushing': None, 'passing': None, 'standardDowns': None, 'passingDowns': None, 'runRate': None, 'pace': None}","{'ranking': 40, 'rating': 22.9, 'success': None, 'explosiveness': None, 'rushing': None, 'passing': None, 'standardDowns': None, 'passingDowns': None, 'havoc': {'total': None, 'frontSeven': None, 'db': None}}",{'rating': -0.5}
2024,NC State,ACC,3.9,56,,,"{'ranking': 47, 'rating': 29.9, 'success': None, 'explosiveness': None, 'rushing': None, 'passing': None, 'standardDowns': None, 'passingDowns': None, 'runRate': None, 'pace': None}","{'ranking': 68, 'rating': 26.5, 'success': None, 'explosiveness': None, 'rushing': None, 'passing': None, 'standardDowns': None, 'passingDowns': None, 'havoc': {'total': None, 'frontSeven': None, 'db': None}}",{'rating': 0.5}
2024,Navy,American Athletic,3.5,57,,,"{'ranking': 51, 'rating': 29.5, 'success': None, 'explosiveness': None, 'rushing': None, 'passing': None, 'standardDowns': None, 'passingDowns': None, 'runRate': None, 'pace': None}","{'ranking': 53, 'rating': 24.4, 'success': None, 'explosiveness': None, 'rushing': None, 'passing': None, 'standardDowns': None, 'passingDowns': None, 'havoc': {'total': None, 'frontSeven': None, 'db': None}}",{'rating': -1.7}
2024,Marshall,Sun Belt,3.1,58,,,"{'ranking': 50, 'rating': 29.6, 'success': None, 'explosiveness': None, 'rushing': None, 'passing': None, 'standardDowns': None, 'passingDowns': None, 'runRate': None, 'pace': None}","{'ranking': 71, 'rating': 26.9, 'success': None, 'explosiveness': None, 'rushing': None, 'passing': None, 'standardDowns': None, 'passingDowns': None, 'havoc': {'total': None, 'frontSeven': None, 'db': None}}",{'rating': 0.4}
2024,Washington,Big Ten,3.1,58,,,"{'ranking': 66, 'rating': 27.3, 'success': None, 'explosiveness': None, 'rushing': None, 'passing': None, 'standardDowns': None, 'passingDowns': None, 'runRate': None, 'pace': None}","{'ranking': 36, 'rating': 22.4, 'success': None, 'explosiveness': None, 'rushing': None, 'passing': None, 'standardDowns': None, 'passingDowns': None, 'havoc': {'total': None, 'frontSeven': None, 'db': None}}",{'rating': -1.8}
2024,Wisconsin,Big Ten,3,60,,,"{'ranking': 100, 'rating': 23, 'success': None, 'explosiveness': None, 'rushing': None, 'passing': None, 'standardDowns': None, 'passingDowns': None, 'runRate': None, 'pace': None}","{'ranking': 22, 'rating': 19.8, 'success': None, 'explosiveness': None, 'rushing': None, 'passing': None, 'standardDowns': None, 'passingDowns': None, 'havoc': {'total': None, 'frontSeven': None, 'db': None}}",{'rating': -0.2}
2024,South Alabama,Sun Belt,2.8,61,,,"{'ranking': 47, 'rating': 29.9, 'success': None, 'explosiveness': None, 'rushing': None, 'passing': None, 'standardDowns': None, 'passingDowns': None, 'runRate': None, 'pace': None}","{'ranking': 71, 'rating': 26.9, 'success': None, 'explosiveness': None, 'rushing': None, 'passing': None, 'standardDowns': None, 'passingDowns': None, 'havoc': {'total': None, 'frontSeven': None, 'db': None}}",{'rating': -0.2}
2024,UCF,Big 12,2.8,61,,,"{'ranking': 55, 'rating': 29, 'success': None, 'explosiveness': None, 'rushing': None, 'passing': None, 'standardDowns': None, 'passingDowns': None, 'runRate': None, 'pace': None}","{'ranking': 61, 'rating': 25.8, 'success': None, 'explosiveness': None, 'rushing': None, 'passing': None, 'standardDowns': None, 'passingDowns': None, 'havoc': {'total': None, 'frontSeven': None, 'db': None}}",{'rating': -0.4}
2024,Ohio,Mid-American,2.3,63,,,"{'ranking': 67, 'rating': 27.2, 'success': None, 'explosiveness': None, 'rushing': None, 'passing': None, 'standardDowns': None, 'passingDowns': None, 'runRate': None, 'pace': None}","{'ranking': 47, 'rating': 23.9, 'success': None, 'explosiveness': None, 'rushing': None, 'passing': None, 'standardDowns': None, 'passingDowns': None, 'havoc': {'total': None, 'frontSeven': None, 'db': None}}",{'rating': -0.9}
2024,UTSA,American Athletic,2.2,64,,,"{'ranking': 34, 'rating': 32.3, 'success': None, 'explosiveness': None, 'rushing': None, 'passing': None, 'standardDowns': None, 'passingDowns': None, 'runRate': None, 'pace': None}","{'ranking': 101, 'rating': 31.5, 'success': None, 'explosiveness': None, 'rushing': None, 'passing': None, 'standardDowns': None, 'passingDowns': None, 'havoc': {'total': None, 'frontSeven': None, 'db': None}}",{'rating': 1.4}
2024,West Virginia,Big 12,2.1,65,,,"{'ranking': 46, 'rating': 30.1, 'success': None, 'explosiveness': None, 'rushing': None, 'passing': None, 'standardDowns': None, 'passingDowns': None, 'runRate': None, 'pace': None}","{'ranking': 87, 'rating': 29.7, 'success': None, 'explosiveness': None, 'rushing': None, 'passing': None, 'standardDowns': None, 'passingDowns': None, 'havoc': {'total': None, 'frontSeven': None, 'db': None}}",{'rating': 1.8}
2024,Georgia Tech,ACC,1.9,66,,,"{'ranking': 42, 'rating': 31.1, 'success': None, 'explosiveness': None, 'rushing': None, 'passing': None, 'standardDowns': None, 'passingDowns': None, 'runRate': None, 'pace': None}","{'ranking': 79, 'rating': 27.9, 'success': None, 'explosiveness': None, 'rushing': None, 'passing': None, 'standardDowns': None, 'passingDowns': None, 'havoc': {'total': None, 'frontSeven': None, 'db': None}}",{'rating': -1.3}
2024,UConn,FBS Independents,1.5,67,,,"{'ranking': 70, 'rating': 26.9, 'success': None, 'explosiveness': None, 'rushing': None, 'passing': None, 'standardDowns': None, 'passingDowns': None, 'runRate': None, 'pace': None}","{'ranking': 60, 'rating': 25.7, 'success': None, 'explosiveness': None, 'rushing': None, 'passing': None, 'standardDowns': None, 'passingDowns': None, 'havoc': {'total': None, 'frontSeven': None, 'db': None}}",{'rating': 0.3}
2024,Miami (OH),Mid-American,1.3,68,,,"{'ranking': 98, 'rating': 23.2, 'success': None, 'explosiveness': None, 'rushing': None, 'passing': None, 'standardDowns': None, 'passingDowns': None, 'runRate': None, 'pace': None}","{'ranking': 43, 'rating': 23.2, 'success': None, 'explosiveness': None, 'rushing': None, 'passing': None, 'standardDowns': None, 'passingDowns': None, 'havoc': {'total': None, 'frontSeven': None, 'db': None}}",{'rating': 1.3}
2024,Washington State,Pac-12,1.3,68,,,"{'ranking': 21, 'rating': 34, 'success': None, 'explosiveness': None, 'rushing': None, 'passing': None, 'standardDowns': None, 'passingDowns': None, 'runRate': None, 'pace': None}","{'ranking': 97, 'rating': 31.1, 'success': None, 'explosiveness': None, 'rushing': None, 'passing': None, 'standardDowns': None, 'passingDowns': None, 'havoc': {'total': None, 'frontSeven': None, 'db': None}}",{'rating': -1.5}
2024,Boston College,ACC,1.2,70,,,"{'ranking': 62, 'rating': 28, 'success': None, 'explosiveness': None, 'rushing': None, 'passing': None, 'standardDowns': None, 'passingDowns': None, 'runRate': None, 'pace': None}","{'ranking': 56, 'rating': 24.7, 'success': None, 'explosiveness': None, 'rushing': None, 'passing': None, 'standardDowns': None, 'passingDowns': None, 'havoc': {'total': None, 'frontSeven': None, 'db': None}}",{'rating': -2.1}
2024,Liberty,Conference USA,0.2,71,,,"{'ranking': 60, 'rating': 28.2, 'success': None, 'explosiveness': None, 'rushing': None, 'passing': None, 'standardDowns': None, 'passingDowns': None, 'runRate': None, 'pace': None}","{'ranking': 70, 'rating': 26.6, 'success': None, 'explosiveness': None, 'rushing': None, 'passing': None, 'standardDowns': None, 'passingDowns': None, 'havoc': {'total': None, 'frontSeven': None, 'db': None}}",{'rating': -1.5}
2024,Cincinnati,Big 12,-0.1,72,,,"{'ranking': 79, 'rating': 25.6, 'success': None, 'explosiveness': None, 'rushing': None, 'passing': None, 'standardDowns': None, 'passingDowns': None, 'runRate': None, 'pace': None}","{'ranking': 57, 'rating': 25, 'success': None, 'explosiveness': None, 'rushing': None, 'passing': None, 'standardDowns': None, 'passingDowns': None, 'havoc': {'total': None, 'frontSeven': None, 'db': None}}",{'rating': -0.7}
2024,East Carolina,American Athletic,-1,73,,,"{'ranking': 58, 'rating': 28.5, 'success': None, 'explosiveness': None, 'rushing': None, 'passing': None, 'standardDowns': None, 'passingDowns': None, 'runRate': None, 'pace': None}","{'ranking': 87, 'rating': 29.7, 'success': None, 'explosiveness': None, 'rushing': None, 'passing': None, 'standardDowns': None, 'passingDowns': None, 'havoc': {'total': None, 'frontSeven': None, 'db': None}}",{'rating': 0.2}
2024,Jacksonville State,Conference USA,-1,73,,,"{'ranking': 57, 'rating': 28.8, 'success': None, 'explosiveness': None, 'rushing': None, 'passing': None, 'standardDowns': None, 'passingDowns': None, 'runRate': None, 'pace': None}","{'ranking': 81, 'rating': 28.3, 'success': None, 'explosiveness': None, 'rushing': None, 'passing': None, 'standardDowns': None, 'passingDowns': None, 'havoc': {'total': None, 'frontSeven': None, 'db': None}}",{'rating': -1.5}
2024,UCLA,Big Ten,-1.3,75,,,"{'ranking': 103, 'rating': 21.3, 'success': None, 'explosiveness': None, 'rushing': None, 'passing': None, 'standardDowns': None, 'passingDowns': None, 'runRate': None, 'pace': None}","{'ranking': 44, 'rating': 23.3, 'success': None, 'explosiveness': None, 'rushing': None, 'passing': None, 'standardDowns': None, 'passingDowns': None, 'havoc': {'total': None, 'frontSeven': None, 'db': None}}",{'rating': 0.7}
2024,Georgia Southern,Sun Belt,-1.7,76,,,"{'ranking': 72, 'rating': 26.5, 'success': None, 'explosiveness': None, 'rushing': None, 'passing': None, 'standardDowns': None, 'passingDowns': None, 'runRate': None, 'pace': None}","{'ranking': 90, 'rating': 30.1, 'success': None, 'explosiveness': None, 'rushing': None, 'passing': None, 'standardDowns': None, 'passingDowns': None, 'havoc': {'total': None, 'frontSeven': None, 'db': None}}",{'rating': 1.9}
2024,Bowling Green,Mid-American,-1.8,77,,,"{'ranking': 79, 'rating': 25.6, 'success': None, 'explosiveness': None, 'rushing': None, 'passing': None, 'standardDowns': None, 'passingDowns': None, 'runRate': None, 'pace': None}","{'ranking': 75, 'rating': 27.2, 'success': None, 'explosiveness': None, 'rushing': None, 'passing': None, 'standardDowns': None, 'passingDowns': None, 'havoc': {'total': None, 'frontSeven': None, 'db': None}}",{'rating': -0.2}
2024,Western Kentucky,Conference USA,-2.2,78,,,"{'ranking': 101, 'rating': 22.1, 'success': None, 'explosiveness': None, 'rushing': None, 'passing': None, 'standardDowns': None, 'passingDowns': None, 'runRate': None, 'pace': None}","{'ranking': 62, 'rating': 26.1, 'success': None, 'explosiveness': None, 'rushing': None, 'passing': None, 'standardDowns': None, 'passingDowns': None, 'havoc': {'total': None, 'frontSeven': None, 'db': None}}",{'rating': 1.8}
2024,South Florida,American Athletic,-2.3,79,,,"{'ranking': 51, 'rating': 29.5, 'success': None, 'explosiveness': None, 'rushing': None, 'passing': None, 'standardDowns': None, 'passingDowns': None, 'runRate': None, 'pace': None}","{'ranking': 108, 'rating': 33.4, 'success': None, 'explosiveness': None, 'rushing': None, 'passing': None, 'standardDowns': None, 'passingDowns': None, 'havoc': {'total': None, 'frontSeven': None, 'db': None}}",{'rating': 1.6}
2024,Toledo,Mid-American,-2.5,80,,,"{'ranking': 88, 'rating': 24.5, 'success': None, 'explosiveness': None, 'rushing': None, 'passing': None, 'standardDowns': None, 'passingDowns': None, 'runRate': None, 'pace': None}","{'ranking': 64, 'rating': 26.3, 'success': None, 'explosiveness': None, 'rushing': None, 'passing': None, 'standardDowns': None, 'passingDowns': None, 'havoc': {'total': None, 'frontSeven': None, 'db': None}}",{'rating': -0.7}
2024,Oklahoma State,Big 12,-2.6,81,,,"{'ranking': 53, 'rating': 29.4, 'success': None, 'explosiveness': None, 'rushing': None, 'passing': None, 'standardDowns': None, 'passingDowns': None, 'runRate': None, 'pace': None}","{'ranking': 102, 'rating': 31.7, 'success': None, 'explosiveness': None, 'rushing': None, 'passing': None, 'standardDowns': None, 'passingDowns': None, 'havoc': {'total': None, 'frontSeven': None, 'db': None}}",{'rating': -0.4}
2024,Arizona,Big 12,-2.8,82,,,"{'ranking': 90, 'rating': 24.4, 'success': None, 'explosiveness': None, 'rushing': None, 'passing': None, 'standardDowns': None, 'passingDowns': None, 'runRate': None, 'pace': None}","{'ranking': 84, 'rating': 29, 'success': None, 'explosiveness': None, 'rushing': None, 'passing': None, 'standardDowns': None, 'passingDowns': None, 'havoc': {'total': None, 'frontSeven': None, 'db': None}}",{'rating': 1.8}
2024,Florida State,ACC,-3.2,83,,,"{'ranking': 114, 'rating': 20.1, 'success': None, 'explosiveness': None, 'rushing': None, 'passing': None, 'standardDowns': None, 'passingDowns': None, 'runRate': None, 'pace': None}","{'ranking': 58, 'rating': 25.3, 'success': None, 'explosiveness': None, 'rushing': None, 'passing': None, 'standardDowns': None, 'passingDowns': None, 'havoc': {'total': None, 'frontSeven': None, 'db': None}}",{'rating': 2}
2024,Northern Illinois,Mountain West,-3.5,84,,,"{'ranking': 115, 'rating': 20, 'success': None, 'explosiveness': None, 'rushing': None, 'passing': None, 'standardDowns': None, 'passingDowns': None, 'runRate': None, 'pace': None}","{'ranking': 32, 'rating': 21.6, 'success': None, 'explosiveness': None, 'rushing': None, 'passing': None, 'standardDowns': None, 'passingDowns': None, 'havoc': {'total': None, 'frontSeven': None, 'db': None}}",{'rating': -1.9}
2024,Fresno State,Pac-12,-3.8,85,,,"{'ranking': 85, 'rating': 25.1, 'success': None, 'explosiveness': None, 'rushing': None, 'passing': None, 'standardDowns': None, 'passingDowns': None, 'runRate': None, 'pace': None}","{'ranking': 77, 'rating': 27.6, 'success': None, 'explosiveness': None, 'rushing': None, 'passing': None, 'standardDowns': None, 'passingDowns': None, 'havoc': {'total': None, 'frontSeven': None, 'db': None}}",{'rating': -1.4}
2024,Maryland,Big Ten,-3.9,86,,,"{'ranking': 97, 'rating': 23.3, 'success': None, 'explosiveness': None, 'rushing': None, 'passing': None, 'standardDowns': None, 'passingDowns': None, 'runRate': None, 'pace': None}","{'ranking': 73, 'rating': 27.1, 'success': None, 'explosiveness': None, 'rushing': None, 'passing': None, 'standardDowns': None, 'passingDowns': None, 'havoc': {'total': None, 'frontSeven': None, 'db': None}}",{'rating': -0.1}
2024,Buffalo,Mid-American,-4,87,,,"{'ranking': 84, 'rating': 25.4, 'success': None, 'explosiveness': None, 'rushing': None, 'passing': None, 'standardDowns': None, 'passingDowns': None, 'runRate': None, 'pace': None}","{'ranking': 93, 'rating': 30.2, 'success': None, 'explosiveness': None, 'rushing': None, 'passing': None, 'standardDowns': None, 'passingDowns': None, 'havoc': {'total': None, 'frontSeven': None, 'db': None}}",{'rating': 0.8}
2024,Mississippi State,SEC,-4.1,88,,,"{'ranking': 82, 'rating': 25.5, 'success': None, 'explosiveness': None, 'rushing': None, 'passing': None, 'standardDowns': None, 'passingDowns': None, 'runRate': None, 'pace': None}","{'ranking': 98, 'rating': 31.2, 'success': None, 'explosiveness': None, 'rushing': None, 'passing': None, 'standardDowns': None, 'passingDowns': None, 'havoc': {'total': None, 'frontSeven': None, 'db': None}}",{'rating': 1.5}
2024,North Texas,American Athletic,-4.5,89,,,"{'ranking': 27, 'rating': 33.3, 'success': None, 'explosiveness': None, 'rushing': None, 'passing': None, 'standardDowns': None, 'passingDowns': None, 'runRate': None, 'pace': None}","{'ranking': 121, 'rating': 37, 'success': None, 'explosiveness': None, 'rushing': None, 'passing': None, 'standardDowns': None, 'passingDowns': None, 'havoc': {'total': None, 'frontSeven': None, 'db': None}}",{'rating': -0.8}
2024,Michigan State,Big Ten,-4.6,90,,,"{'ranking': 119, 'rating': 18, 'success': None, 'explosiveness': None, 'rushing': None, 'passing': None, 'standardDowns': None, 'passingDowns': None, 'runRate': None, 'pace': None}","{'ranking': 49, 'rating': 24.1, 'success': None, 'explosiveness': None, 'rushing': None, 'passing': None, 'standardDowns': None, 'passingDowns': None, 'havoc': {'total': None, 'frontSeven': None, 'db': None}}",{'rating': 1.4}
2024,Virginia,ACC,-5.1,91,,,"{'ranking': 95, 'rating': 23.7, 'success': None, 'explosiveness': None, 'rushing': None, 'passing': None, 'standardDowns': None, 'passingDowns': None, 'runRate': None, 'pace': None}","{'ranking': 86, 'rating': 29.3, 'success': None, 'explosiveness': None, 'rushing': None, 'passing': None, 'standardDowns': None, 'passingDowns': None, 'havoc': {'total': None, 'frontSeven': None, 'db': None}}",{'rating': 0.5}
2024,San José State,Mountain West,-5.5,92,,,"{'ranking': 73, 'rating': 26.1, 'success': None, 'explosiveness': None, 'rushing': None, 'passing': None, 'standardDowns': None, 'passingDowns': None, 'runRate': None, 'pace': None}","{'ranking': 90, 'rating': 30.1, 'success': None, 'explosiveness': None, 'rushing': None, 'passing': None, 'standardDowns': None, 'passingDowns': None, 'havoc': {'total': None, 'frontSeven': None, 'db': None}}",{'rating': -1.5}
2024,Wake Forest,ACC,-5.7,93,,,"{'ranking': 77, 'rating': 25.8, 'success': None, 'explosiveness': None, 'rushing': None, 'passing': None, 'standardDowns': None, 'passingDowns': None, 'runRate': None, 'pace': None}","{'ranking': 103, 'rating': 31.8, 'success': None, 'explosiveness': None, 'rushing': None, 'passing': None, 'standardDowns': None, 'passingDowns': None, 'havoc': {'total': None, 'frontSeven': None, 'db': None}}",{'rating': 0.3}
2024,Colorado State,Pac-12,-5.7,93,,,"{'ranking': 92, 'rating': 24.2, 'success': None, 'explosiveness': None, 'rushing': None, 'passing': None, 'standardDowns': None, 'passingDowns': None, 'runRate': None, 'pace': None}","{'ranking': 85, 'rating': 29.2, 'success': None, 'explosiveness': None, 'rushing': None, 'passing': None, 'standardDowns': None, 'passingDowns': None, 'havoc': {'total': None, 'frontSeven': None, 'db': None}}",{'rating': -0.8}
2024,Old Dominion,Sun Belt,-6,95,,,"{'ranking': 78, 'rating': 25.7, 'success': None, 'explosiveness': None, 'rushing': None, 'passing': None, 'standardDowns': None, 'passingDowns': None, 'runRate': None, 'pace': None}","{'ranking': 99, 'rating': 31.3, 'success': None, 'explosiveness': None, 'rushing': None, 'passing': None, 'standardDowns': None, 'passingDowns': None, 'havoc': {'total': None, 'frontSeven': None, 'db': None}}",{'rating': -0.4}
2024,Troy,Sun Belt,-6.6,96,,,"{'ranking': 93, 'rating': 24.1, 'success': None, 'explosiveness': None, 'rushing': None, 'passing': None, 'standardDowns': None, 'passingDowns': None, 'runRate': None, 'pace': None}","{'ranking': 90, 'rating': 30.1, 'success': None, 'explosiveness': None, 'rushing': None, 'passing': None, 'standardDowns': None, 'passingDowns': None, 'havoc': {'total': None, 'frontSeven': None, 'db': None}}",{'rating': -0.6}
2024,Oregon State,Pac-12,-6.7,97,,,"{'ranking': 73, 'rating': 26.1, 'success': None, 'explosiveness': None, 'rushing': None, 'passing': None, 'standardDowns': None, 'passingDowns': None, 'runRate': None, 'pace': None}","{'ranking': 107, 'rating': 32.7, 'success': None, 'explosiveness': None, 'rushing': None, 'passing': None, 'standardDowns': None, 'passingDowns': None, 'havoc': {'total': None, 'frontSeven': None, 'db': None}}",{'rating': 0}
2024,Coastal Carolina,Sun Belt,-6.9,98,,,"{'ranking': 82, 'rating': 25.5, 'success': None, 'explosiveness': None, 'rushing': None, 'passing': None, 'standardDowns': None, 'passingDowns': None, 'runRate': None, 'pace': None}","{'ranking': 108, 'rating': 33.4, 'success': None, 'explosiveness': None, 'rushing': None, 'passing': None, 'standardDowns': None, 'passingDowns': None, 'havoc': {'total': None, 'frontSeven': None, 'db': None}}",{'rating': 1}
2024,Sam Houston,Conference USA,-6.9,98,,,"{'ranking': 117, 'rating': 19, 'success': None, 'explosiveness': None, 'rushing': None, 'passing': None, 'standardDowns': None, 'passingDowns': None, 'runRate': None, 'pace': None}","{'ranking': 46, 'rating': 23.8, 'success': None, 'explosiveness': None, 'rushing': None, 'passing': None, 'standardDowns': None, 'passingDowns': None, 'havoc': {'total': None, 'frontSeven': None, 'db': None}}",{'rating': -2.1}
2024,App State,Sun Belt,-8.1,100,,,"{'ranking': 67, 'rating': 27.2, 'success': None, 'explosiveness': None, 'rushing': None, 'passing': None, 'standardDowns': None, 'passingDowns': None, 'runRate': None, 'pace': None}","{'ranking': 110, 'rating': 33.6, 'success': None, 'explosiveness': None, 'rushing': None, 'passing': None, 'standardDowns': None, 'passingDowns': None, 'havoc': {'total': None, 'frontSeven': None, 'db': None}}",{'rating': -1.6}
2024,Houston,Big 12,-8.2,101,,,"{'ranking': 118, 'rating': 18.1, 'success': None, 'explosiveness': None, 'rushing': None, 'passing': None, 'standardDowns': None, 'passingDowns': None, 'runRate': None, 'pace': None}","{'ranking': 54, 'rating': 24.5, 'success': None, 'explosiveness': None, 'rushing': None, 'passing': None, 'standardDowns': None, 'passingDowns': None, 'havoc': {'total': None, 'frontSeven': None, 'db': None}}",{'rating': -1.8}
2024,Northwestern,Big Ten,-8.2,101,,,"{'ranking': 124, 'rating': 17.5, 'success': None, 'explosiveness': None, 'rushing': None, 'passing': None, 'standardDowns': None, 'passingDowns': None, 'runRate': None, 'pace': None}","{'ranking': 51, 'rating': 24.3, 'success': None, 'explosiveness': None, 'rushing': None, 'passing': None, 'standardDowns': None, 'passingDowns': None, 'havoc': {'total': None, 'frontSeven': None, 'db': None}}",{'rating': -1.4}
2024,Stanford,ACC,-8.2,101,,,"{'ranking': 90, 'rating': 24.4, 'success': None, 'explosiveness': None, 'rushing': None, 'passing': None, 'standardDowns': None, 'passingDowns': None, 'runRate': None, 'pace': None}","{'ranking': 112, 'rating': 34.1, 'success': None, 'explosiveness': None, 'rushing': None, 'passing': None, 'standardDowns': None, 'passingDowns': None, 'havoc': {'total': None, 'frontSeven': None, 'db': None}}",{'rating': 1.5}
2024,Arkansas State,Sun Belt,-9.9,104,,,"{'ranking': 87, 'rating': 24.6, 'success': None, 'explosiveness': None, 'rushing': None, 'passing': None, 'standardDowns': None, 'passingDowns': None, 'runRate': None, 'pace': None}","{'ranking': 119, 'rating': 35.2, 'success': None, 'explosiveness': None, 'rushing': None, 'passing': None, 'standardDowns': None, 'passingDowns': None, 'havoc': {'total': None, 'frontSeven': None, 'db': None}}",{'rating': 0.7}
2024,Western Michigan,Mid-American,-10.2,105,,,"{'ranking': 86, 'rating': 24.7, 'success': None, 'explosiveness': None, 'rushing': None, 'passing': None, 'standardDowns': None, 'passingDowns': None, 'runRate': None, 'pace': None}","{'ranking': 120, 'rating': 36, 'success': None, 'explosiveness': None, 'rushing': None, 'passing': None, 'standardDowns': None, 'passingDowns': None, 'havoc': {'total': None, 'frontSeven': None, 'db': None}}",{'rating': 1.1}
2024,Utah State,Pac-12,-10.4,106,,,"{'ranking': 45, 'rating': 30.2, 'success': None, 'explosiveness': None, 'rushing': None, 'passing': None, 'standardDowns': None, 'passingDowns': None, 'runRate': None, 'pace': None}","{'ranking': 129, 'rating': 40.3, 'success': None, 'explosiveness': None, 'rushing': None, 'passing': None, 'standardDowns': None, 'passingDowns': None, 'havoc': {'total': None, 'frontSeven': None, 'db': None}}",{'rating': -0.3}
2024,Hawai'i,Mountain West,-10.9,107,,,"{'ranking': 108, 'rating': 20.9, 'success': None, 'explosiveness': None, 'rushing': None, 'passing': None, 'standardDowns': None, 'passingDowns': None, 'runRate': None, 'pace': None}","{'ranking': 89, 'rating': 30, 'success': None, 'explosiveness': None, 'rushing': None, 'passing': None, 'standardDowns': None, 'passingDowns': None, 'havoc': {'total': None, 'frontSeven': None, 'db': None}}",{'rating': -1.8}
2024,UAB,American Athletic,-11.3,108,,,"{'ranking': 75, 'rating': 25.9, 'success': None, 'explosiveness': None, 'rushing': None, 'passing': None, 'standardDowns': None, 'passingDowns': None, 'runRate': None, 'pace': None}","{'ranking': 126, 'rating': 38, 'success': None, 'explosiveness': None, 'rushing': None, 'passing': None, 'standardDowns': None, 'passingDowns': None, 'havoc': {'total': None, 'frontSeven': None, 'db': None}}",{'rating': 0.9}
2024,Rice,American Athletic,-11.4,109,,,"{'ranking': 110, 'rating': 20.5, 'success': None, 'explosiveness': None, 'rushing': None, 'passing': None, 'standardDowns': None, 'passingDowns': None, 'runRate': None, 'pace': None}","{'ranking': 94, 'rating': 30.4, 'success': None, 'explosiveness': None, 'rushing': None, 'passing': None, 'standardDowns': None, 'passingDowns': None, 'havoc': {'total': None, 'frontSeven': None, 'db': None}}",{'rating': -1.4}
2024,Louisiana Tech,Sun Belt,-11.6,110,,,"{'ranking': 128, 'rating': 15.9, 'success': None, 'explosiveness': None, 'rushing': None, 'passing': None, 'standardDowns': None, 'passingDowns': None, 'runRate': None, 'pace': None}","{'ranking': 64, 'rating': 26.3, 'success': None, 'explosiveness': None, 'rushing': None, 'passing': None, 'standardDowns': None, 'passingDowns': None, 'havoc': {'total': None, 'frontSeven': None, 'db': None}}",{'rating': -1.2}
2024,Air Force,Mountain West,-11.7,111,,,"{'ranking': 120, 'rating': 17.8, 'success': None, 'explosiveness': None, 'rushing': None, 'passing': None, 'standardDowns': None, 'passingDowns': None, 'runRate': None, 'pace': None}","{'ranking': 76, 'rating': 27.5, 'success': None, 'explosiveness': None, 'rushing': None, 'passing': None, 'standardDowns': None, 'passingDowns': None, 'havoc': {'total': None, 'frontSeven': None, 'db': None}}",{'rating': -2}
2024,Florida International,Conference USA,-12.1,112,,,"{'ranking': 110, 'rating': 20.5, 'success': None, 'explosiveness': None, 'rushing': None, 'passing': None, 'standardDowns': None, 'passingDowns': None, 'runRate': None, 'pace': None}","{'ranking': 99, 'rating': 31.3, 'success': None, 'explosiveness': None, 'rushing': None, 'passing': None, 'standardDowns': None, 'passingDowns': None, 'havoc': {'total': None, 'frontSeven': None, 'db': None}}",{'rating': -1.2}
2024,Florida Atlantic,American Athletic,-12.7,113,,,"{'ranking': 109, 'rating': 20.8, 'success': None, 'explosiveness': None, 'rushing': None, 'passing': None, 'standardDowns': None, 'passingDowns': None, 'runRate': None, 'pace': None}","{'ranking': 104, 'rating': 32.1, 'success': None, 'explosiveness': None, 'rushing': None, 'passing': None, 'standardDowns': None, 'passingDowns': None, 'havoc': {'total': None, 'frontSeven': None, 'db': None}}",{'rating': -1.5}
2024,Eastern Michigan,Mid-American,-13.3,114,,,"{'ranking': 110, 'rating': 20.5, 'success': None, 'explosiveness': None, 'rushing': None, 'passing': None, 'standardDowns': None, 'passingDowns': None, 'runRate': None, 'pace': None}","{'ranking': 115, 'rating': 34.3, 'success': None, 'explosiveness': None, 'rushing': None, 'passing': None, 'standardDowns': None, 'passingDowns': None, 'havoc': {'total': None, 'frontSeven': None, 'db': None}}",{'rating': 0.5}
2024,Wyoming,Mountain West,-13.6,115,,,"{'ranking': 127, 'rating': 16.3, 'success': None, 'explosiveness': None, 'rushing': None, 'passing': None, 'standardDowns': None, 'passingDowns': None, 'runRate': None, 'pace': None}","{'ranking': 95, 'rating': 30.8, 'success': None, 'explosiveness': None, 'rushing': None, 'passing': None, 'standardDowns': None, 'passingDowns': None, 'havoc': {'total': None, 'frontSeven': None, 'db': None}}",{'rating': 0.9}
2024,New Mexico,Mountain West,-14.8,116,,,"{'ranking': 64, 'rating': 27.6, 'success': None, 'explosiveness': None, 'rushing': None, 'passing': None, 'standardDowns': None, 'passingDowns': None, 'runRate': None, 'pace': None}","{'ranking': 132, 'rating': 40.5, 'success': None, 'explosiveness': None, 'rushing': None, 'passing': None, 'standardDowns': None, 'passingDowns': None, 'havoc': {'total': None, 'frontSeven': None, 'db': None}}",{'rating': -1.9}
2024,Nevada,Mountain West,-15.2,117,,,"{'ranking': 106, 'rating': 21, 'success': None, 'explosiveness': None, 'rushing': None, 'passing': None, 'standardDowns': None, 'passingDowns': None, 'runRate': None, 'pace': None}","{'ranking': 113, 'rating': 34.2, 'success': None, 'explosiveness': None, 'rushing': None, 'passing': None, 'standardDowns': None, 'passingDowns': None, 'havoc': {'total': None, 'frontSeven': None, 'db': None}}",{'rating': -2}
2024,Charlotte,American Athletic,-15.3,118,,,"{'ranking': 102, 'rating': 21.4, 'success': None, 'explosiveness': None, 'rushing': None, 'passing': None, 'standardDowns': None, 'passingDowns': None, 'runRate': None, 'pace': None}","{'ranking': 124, 'rating': 37.6, 'success': None, 'explosiveness': None, 'rushing': None, 'passing': None, 'standardDowns': None, 'passingDowns': None, 'havoc': {'total': None, 'frontSeven': None, 'db': None}}",{'rating': 0.9}
2024,San Diego State,Pac-12,-15.4,119,,,"{'ranking': 122, 'rating': 17.7, 'success': None, 'explosiveness': None, 'rushing': None, 'passing': None, 'standardDowns': None, 'passingDowns': None, 'runRate': None, 'pace': None}","{'ranking': 104, 'rating': 32.1, 'success': None, 'explosiveness': None, 'rushing': None, 'passing': None, 'standardDowns': None, 'passingDowns': None, 'havoc': {'total': None, 'frontSeven': None, 'db': None}}",{'rating': -0.9}
2024,Central Michigan,Mid-American,-15.8,120,,,"{'ranking': 122, 'rating': 17.7, 'success': None, 'explosiveness': None, 'rushing': None, 'passing': None, 'standardDowns': None, 'passingDowns': None, 'runRate': None, 'pace': None}","{'ranking': 115, 'rating': 34.3, 'success': None, 'explosiveness': None, 'rushing': None, 'passing': None, 'standardDowns': None, 'passingDowns': None, 'havoc': {'total': None, 'frontSeven': None, 'db': None}}",{'rating': 0.9}
2024,Purdue,Big Ten,-16.2,121,,,"{'ranking': 116, 'rating': 19.2, 'success': None, 'explosiveness': None, 'rushing': None, 'passing': None, 'standardDowns': None, 'passingDowns': None, 'runRate': None, 'pace': None}","{'ranking': 110, 'rating': 33.6, 'success': None, 'explosiveness': None, 'rushing': None, 'passing': None, 'standardDowns': None, 'passingDowns': None, 'havoc': {'total': None, 'frontSeven': None, 'db': None}}",{'rating': -1.8}
2024,UL Monroe,Sun Belt,-16.7,122,,,"{'ranking': 126, 'rating': 16.9, 'success': None, 'explosiveness': None, 'rushing': None, 'passing': None, 'standardDowns': None, 'passingDowns': None, 'runRate': None, 'pace': None}","{'ranking': 106, 'rating': 32.5, 'success': None, 'explosiveness': None, 'rushing': None, 'passing': None, 'standardDowns': None, 'passingDowns': None, 'havoc': {'total': None, 'frontSeven': None, 'db': None}}",{'rating': -1}
2024,Akron,Mid-American,-17.9,123,,,"{'ranking': 129, 'rating': 15.7, 'success': None, 'explosiveness': None, 'rushing': None, 'passing': None, 'standardDowns': None, 'passingDowns': None, 'runRate': None, 'pace': None}","{'ranking': 117, 'rating': 34.6, 'success': None, 'explosiveness': None, 'rushing': None, 'passing': None, 'standardDowns': None, 'passingDowns': None, 'havoc': {'total': None, 'frontSeven': None, 'db': None}}",{'rating': 1}
2024,Georgia State,Sun Belt,-17.9,123,,,"{'ranking': 106, 'rating': 21, 'success': None, 'explosiveness': None, 'rushing': None, 'passing': None, 'standardDowns': None, 'passingDowns': None, 'runRate': None, 'pace': None}","{'ranking': 123, 'rating': 37.4, 'success': None, 'explosiveness': None, 'rushing': None, 'passing': None, 'standardDowns': None, 'passingDowns': None, 'havoc': {'total': None, 'frontSeven': None, 'db': None}}",{'rating': -1.5}
2024,New Mexico State,Conference USA,-19,125,,,"{'ranking': 120, 'rating': 17.8, 'success': None, 'explosiveness': None, 'rushing': None, 'passing': None, 'standardDowns': None, 'passingDowns': None, 'runRate': None, 'pace': None}","{'ranking': 127, 'rating': 38.1, 'success': None, 'explosiveness': None, 'rushing': None, 'passing': None, 'standardDowns': None, 'passingDowns': None, 'havoc': {'total': None, 'frontSeven': None, 'db': None}}",{'rating': 1.3}
2024,Ball State,Mid-American,-19.8,126,,,"{'ranking': 103, 'rating': 21.3, 'success': None, 'explosiveness': None, 'rushing': None, 'passing': None, 'standardDowns': None, 'passingDowns': None, 'runRate': None, 'pace': None}","{'ranking': 133, 'rating': 40.8, 'success': None, 'explosiveness': None, 'rushing': None, 'passing': None, 'standardDowns': None, 'passingDowns': None, 'havoc': {'total': None, 'frontSeven': None, 'db': None}}",{'rating': -0.3}
2024,Temple,American Athletic,-20.3,127,,,"{'ranking': 125, 'rating': 17.3, 'success': None, 'explosiveness': None, 'rushing': None, 'passing': None, 'standardDowns': None, 'passingDowns': None, 'runRate': None, 'pace': None}","{'ranking': 125, 'rating': 37.8, 'success': None, 'explosiveness': None, 'rushing': None, 'passing': None, 'standardDowns': None, 'passingDowns': None, 'havoc': {'total': None, 'frontSeven': None, 'db': None}}",{'rating': 0.3}
2024,Tulsa,American Athletic,-20.6,128,,,"{'ranking': 105, 'rating': 21.2, 'success': None, 'explosiveness': None, 'rushing': None, 'passing': None, 'standardDowns': None, 'passingDowns': None, 'runRate': None, 'pace': None}","{'ranking': 129, 'rating': 40.3, 'success': None, 'explosiveness': None, 'rushing': None, 'passing': None, 'standardDowns': None, 'passingDowns': None, 'havoc': {'total': None, 'frontSeven': None, 'db': None}}",{'rating': -1.6}
2024,Massachusetts,Mid-American,-21.9,129,,,"{'ranking': 110, 'rating': 20.5, 'success': None, 'explosiveness': None, 'rushing': None, 'passing': None, 'standardDowns': None, 'passingDowns': None, 'runRate': None, 'pace': None}","{'ranking': 129, 'rating': 40.3, 'success': None, 'explosiveness': None, 'rushing': None, 'passing': None, 'standardDowns': None, 'passingDowns': None, 'havoc': {'total': None, 'frontSeven': None, 'db': None}}",{'rating': -2.1}
2024,UTEP,Mountain West,-22.7,130,,,"{'ranking': 131, 'rating': 13.7, 'success': None, 'explosiveness': None, 'rushing': None, 'passing': None, 'standardDowns': None, 'passingDowns': None, 'runRate': None, 'pace': None}","{'ranking': 113, 'rating': 34.2, 'success': None, 'explosiveness': None, 'rushing': None, 'passing': None, 'standardDowns': None, 'passingDowns': None, 'havoc': {'total': None, 'frontSeven': None, 'db': None}}",{'rating': -2.1}
2024,Middle Tennessee,Conference USA,-24.4,131,,,"{'ranking': 131, 'rating': 13.7, 'success': None, 'explosiveness': None, 'rushing': None, 'passing': None, 'standardDowns': None, 'passingDowns': None, 'runRate': None, 'pace': None}","{'ranking': 122, 'rating': 37.3, 'success': None, 'explosiveness': None, 'rushing': None, 'passing': None, 'standardDowns': None, 'passingDowns': None, 'havoc': {'total': None, 'frontSeven': None, 'db': None}}",{'rating': -0.8}
2024,Kennesaw State,Conference USA,-25.1,132,,,"{'ranking': 134, 'rating': 10.2, 'success': None, 'explosiveness': None, 'rushing': None, 'passing': None, 'standardDowns': None, 'passingDowns': None, 'runRate': None, 'pace': None}","{'ranking': 118, 'rating': 35.1, 'success': None, 'explosiveness': None, 'rushing': None, 'passing': None, 'standardDowns': None, 'passingDowns': None, 'havoc': {'total': None, 'frontSeven': None, 'db': None}}",{'rating': -0.3}
2024,Southern Miss,Sun Belt,-25.6,133,,,"{'ranking': 130, 'rating': 14.4, 'success': None, 'explosiveness': None, 'rushing': None, 'passing': None, 'standardDowns': None, 'passingDowns': None, 'runRate': None, 'pace': None}","{'ranking': 128, 'rating': 39.4, 'success': None, 'explosiveness': None, 'rushing': None, 'passing': None, 'standardDowns': None, 'passingDowns': None, 'havoc': {'total': None, 'frontSeven': None, 'db': None}}",{'rating': -0.6}
2024,Kent State,Mid-American,-33,134,,,"{'ranking': 133, 'rating': 12.6, 'success': None, 'explosiveness': None, 'rushing': None, 'passing': None, 'standardDowns': None, 'passingDowns': None, 'runRate': None, 'pace': None}","{'ranking': 134, 'rating': 43.8, 'success': None, 'explosiveness': None, 'rushing': None, 'passing': None, 'standardDowns': None, 'passingDowns': None, 'havoc': {'total': None, 'frontSeven': None, 'db': None}}",{'rating': -1.9}
2024,nationalAverages,,0.5522388059701493,,,,"{'ranking': None, 'rating': 27.144029850746268, 'success': None, 'explosiveness': None, 'rushing': None, 'passing': None, 'standardDowns': None, 'passingDowns': None, 'runRate': None, 'pace': None}","{'ranking': None, 'rating': 26.60970149253731, 'success': None, 'explosiveness': None, 'rushing': None, 'passing': None, 'standardDowns': None, 'passingDowns': None, 'havoc': {'total': None, 'frontSeven': None, 'db': None}}",{'rating': 0.020895522388059702}
